customer_id,persona_name,home_region,background,shopping_preferences,typical_spending,budget_style,travel_pattern
CU1001,Matthias Martin,Bellinzona region,Coordinates purchases for children and an older relative as well as her own household.,Repeat orders of the same products and no substitutions without asking.,"Groceries, family supplies, health purchases, and household orders across two cards.",careful,One or two short trips to Italy each year.
CU1002,Sofia Demir,Lausanne region,Rarely carries a physical card and shops for clothes online and in France.,"Contactless everywhere, clothing with a 30-day return window, and no resale sellers.","High mobile-wallet usage for clothing, dining, groceries, and cross-border trips.",flexible,Frequent weekend trips to France.
CU1003,Camille Nguyen,Chur region,Runs a two-person workshop and buys tools and materials every week.,"Clear invoices, business software billed monthly, and team meals at familiar restaurants.","Weekly supplier purchases, monthly software, and occasional trade-fair travel.",balanced,Weekend trips within Switzerland and Austria.
CU1004,Livia Fischer,Bern region,Avoids buying new where a repair or refill will do and cycles everywhere.,"Refill stations, repair services, and secondhand goods before anything new.","Groceries, repair services, second-life goods, public transport, and few impulse purchases.",balanced,Rarely travels without the family.
CU1005,Hannah Ferrari,Zurich region,Balances a busy schedule with frequent grocery and prepared-meal deliveries.,"Fast delivery, saved addresses, and no membership programmes added at checkout.","Daily delivery orders, weekly groceries, and a few subscriptions.",flexible,Regular short trips to Germany.
CU1006,Jonas Furrer,Lausanne region,Works in sales across Germany and France and books most trips at short notice.,Hotels close to the client office and no non-refundable fares.,"Hotels and restaurant bills abroad in EUR, plus ordinary groceries and transport at home.",flexible,Frequent client trips to Germany and France.
CU1007,Lina Moser,Basel region,Spends Saturdays at the hardware store and the garden centre.,Local suppliers and seasonal purchases planned in advance.,Seasonal peaks in spring for garden supplies and steady groceries otherwise.,careful,Rarely travels without the family.
CU1008,Omar Moser,Fribourg region,Relocated from France and has not yet settled on regular merchants.,"Furniture and basics for the new flat, delivered on a fixed date.",Many first-time merchants and a few larger household purchases.,balanced,Regular short trips to France.
CU1009,Noor Gerber,Zurich region,Is retired and does the shopping on foot in the mornings.,"Clear prices, in-store purchases, and books from a local bookseller.","Small daily in-store purchases, a newspaper subscription, and occasional short hotel stays.",careful,Regular short trips to Germany.
CU1010,Silvan Kumar,Zurich region,Runs a two-person workshop and buys tools and materials every week.,Predictable recurring business costs and no bundled consulting.,"Team meals, software plans, supplies, and fuel on the business card, groceries on the personal one.",flexible,Regular short trips to Germany.
CU1011,Nina Sato,Zug region,Distrusts marketplaces and only buys online from sellers used before.,A short list of trusted web shops and in-store purchases for everything else.,"Few online purchases, repeated familiar merchants, and mostly local in-store daily spending.",careful,Occasional domestic trips only.
CU1012,Andrea Nguyen,Lucerne region,Is a member of two book clubs and visits museums on weekends.,"Paperbacks over e-books, official ticket sellers, and clear cancellation terms.","A newspaper subscription, weekly book purchases, and museum passes.",balanced,One or two short trips to Germany each year.
CU1013,Yara Brunner,Zurich region,Distrusts marketplaces and only buys online from sellers used before.,A short list of trusted web shops and in-store purchases for everything else.,"Few online purchases, repeated familiar merchants, and mostly local in-store daily spending.",careful,One European city trip a year.
CU1014,Aisha Ammann,Fribourg region,Relies on delivery apps for meals and household basics during the week.,"Reliable delivery estimates, saved food preferences, and no automatic membership enrolment.","Daily delivery orders, weekly groceries, and a few subscriptions.",flexible,One European city trip a year.
CU1015,Melis Meier,Zurich region,Studies part-time while working and relies on several digital learning services.,"Student discounts, no bundled extras, and clear cancellation terms.",Many small purchases below CHF 30 and very few above CHF 150.,careful,Occasional domestic trips only.
CU1016,Oliver Kunz,Winterthur region,Photographs landscapes in the Winterthur area and buys a lens perhaps once a year.,"Compatible camera equipment from specialist shops, with a return window and no financing.",Small everyday payments and rare planned equipment purchases.,planned_high_value,A few European city trips each year.
CU1017,Levin Blanc,St. Gallen region,Commutes daily by train between St. Gallen and the office and buys lunch near work.,Contactless payments for coffee and lunch and a renewed transit pass each month.,"Transit passes, fuel, weekday lunches, and weekend groceries.",balanced,A family holiday in Austria once a year.
CU1018,Paula Arnold,Fribourg region,"Is a nurse on a rotating roster, so ordinary purchases happen at any hour of the day.",Meals that arrive quickly at odd hours and pharmacies that are open late.,"Groceries, meal delivery, transport, and pharmacy purchases, including legitimate late-night activity.",careful,Occasional domestic trips only.
CU1019,Melis Steiner,Basel region,Compares prices for weeks before buying electronics and keeps a prepaid card for web shops.,"Known electronics sellers, clear warranty terms, and no marketplace add-ons.","Predictable in-store spending and rare, well-researched online orders.",careful,Domestic travel only.
CU1020,Yara Horvat,Chur region,Is retired and does the shopping on foot in the mornings.,"Nearby shops, printed receipts, and familiar pharmacies.","Morning grocery visits, pharmacy co-payments, lunches out, and books.",balanced,One European city trip a year.
CU1021,Priya Graf,Bern region,Has a long commute and a monthly transit pass that renews automatically.,Simple commuting costs and predictable weekly groceries.,"Morning coffee and lunch on the phone wallet, groceries on Saturdays.",balanced,Rarely travels without the family.
CU1022,Pascal Bernasconi,Geneva region,Lives on a fixed income and plans purchases weeks ahead.,Discount supermarkets and secondhand goods.,"Weekly groceries, a transit pass, and rare clothing purchases.",careful,Occasional domestic trips only.
CU1023,Alex Perret,Lugano region,Takes a short city trip in Europe most months and books everything online.,"Hotels near the station, standard rooms, and cancellation until the day before.",Bursts of EUR spending on trip weekends and normal CHF spending otherwise.,flexible,Frequent weekend trips to Italy.
CU1024,Vera Jensen,Bern region,Travels regularly for consulting work and separates travel spending from everyday purchases.,"Refundable rates, rail over air where practical, and receipts that are easy to file.","Hotels and restaurant bills abroad in EUR, plus ordinary groceries and transport at home.",balanced,Frequent client trips to the Netherlands and Germany.
CU1025,Paula Schmid,Lausanne region,Distrusts marketplaces and only buys online from sellers used before.,A short list of trusted web shops and in-store purchases for everything else.,"Local in-store groceries and fuel, with a handful of online electronics purchases a year.",careful,One European city trip a year.
CU1026,Rahel Rochat,Bern region,Splits rent and shopping with three flatmates and keeps every receipt for the split.,Shared essentials in normal pack sizes and receipts that are easy to split.,Frequent small grocery and delivery payments and very few large ones.,careful,Occasional domestic trips only.
CU1027,Thomas Ricci,Bern region,"Juggles two small children and shops whenever they sleep, day or night.","Reliable next-day delivery, familiar brands, and no toys added to the basket.","Frequent grocery and baby-supply deliveries, pharmacy purchases, and little dining out.",careful,One European city trip a year.
CU1028,Alex Colombo,Bern region,Relocated from Germany and has not yet settled on regular merchants.,Reasonable prices and easy returns while testing new shops.,"Household setup purchases, groceries from several different supermarkets, and transport.",balanced,Weekend trips within Switzerland and Germany.
CU1029,Levin Kaya,Chur region,Compares prices for weeks before buying electronics and keeps a prepaid card for web shops.,"Sellers with a Swiss address, a two-year warranty, and no protection-plan upsells.","Local in-store groceries and fuel, with a handful of online electronics purchases a year.",careful,Domestic travel only.
CU1030,Gabriel Vogel,Winterthur region,Lives near the Germany border and does a large part of the weekly shopping across it.,"Supermarkets just across the border, paid in EUR, and fuel on the same trip.","Regular EUR grocery and fuel purchases in Germany, plus ordinary CHF spending at home.",careful,"Travels abroad most months, mostly within Europe."
CU1031,Benjamin Weber,Winterthur region,Has two cats and a standing order for their usual food every four weeks.,"The usual pet-food formula, dependable delivery, and no unrequested supplement substitutions.","Recurring pet-care payments mixed with groceries, transport, health, and park-side cafes.",balanced,Almost never leaves Switzerland.
CU1032,Maya Vogel,Lucerne region,Works rotating hospital shifts and often buys meals and essentials outside standard office hours.,Meals that arrive quickly at odd hours and pharmacies that are open late.,Small frequent purchases spread across the whole day and night.,balanced,Occasional domestic trips only.
CU1033,Leonie Horvat,Zug region,Follows a few bands around Germany and Switzerland every summer.,Tickets from the venue's own seller and refundable travel where possible.,"Seasonal clusters of event purchases alongside normal groceries, transport, and dining.",flexible,Several trips to Germany and Austria each year.
CU1034,Pascal Mendes,Basel region,Saves for months before each camera purchase and never finances equipment.,Equipment compatible with the current camera body and nothing on instalments.,"Ordinary groceries and fuel, with one or two purchases above CHF 500 per year.",planned_high_value,Several trips to Germany and France each year.
CU1035,Mei Zbinden,Zurich region,Goes to early-morning classes and tracks meals with a subscription app.,Sports nutrition from known sellers and no automatic renewals into premium tiers.,Steady subscription spending and periodic sportswear purchases.,balanced,Regular short trips to Germany.
CU1036,Gabriel Steiner,Zurich region,Runs a one-person web design studio and keeps business purchases on a virtual card.,"Monthly software plans that can be cancelled, and hardware with a clear warranty.","Software subscriptions, electronics, cafes, and occasional foreign-currency online services.",flexible,Regular short trips to the United Kingdom.
CU1037,Dario Stalder,Geneva region,Travels regularly for consulting work and separates travel spending from everyday purchases.,Hotels close to the client office and no non-refundable fares.,"Weekly hotel nights, taxis and trains, and client dinners, mostly billed in EUR.",flexible,"Travels abroad most weeks for work, mostly within Europe."
CU1038,Adrian Gasser,Lucerne region,Prefers nearby physical shops and normally pays for everyday items in person.,Known local retailers and no marketplace sellers.,Predictable daytime purchases at a small set of local shops.,careful,Rarely travels abroad.
CU1039,Nora Weber,Chur region,Avoids buying new where a repair or refill will do and cycles everywhere.,Local producers and long-lasting goods; no fast fashion.,"Transport passes, organic groceries, and occasional repairs or refurbished electronics.",careful,One or two short trips to Austria each year.
CU1040,Elif Stalder,Basel region,Coordinates purchases for children and an older relative as well as her own household.,Repeat orders of the same products and no substitutions without asking.,"Groceries, family supplies, health purchases, and household orders across two cards.",careful,A family holiday in Germany once a year.
CU1041,Nora Haas,Lugano region,Drives to a park-and-ride each morning and takes the train into Lugano.,Simple commuting costs and predictable weekly groceries.,"Transit passes, fuel, weekday lunches, and weekend groceries.",balanced,One European city trip a year.
CU1042,Andrea Jensen,Zurich region,Splits rent and shopping with three flatmates and keeps every receipt for the split.,Familiar supermarkets and the same meal-delivery service every time.,"Weekly shared groceries, occasional takeaway, and transport tickets.",careful,Occasional domestic trips only.
CU1043,Sophie Baumann,Zurich region,Is gradually renovating an apartment and plans each room as a separate project.,"Collection from the store rather than delivery, and no paid installation services.","Bursts of hardware-store spending around each project, with ordinary groceries in between.",balanced,One European city trip a year.
CU1044,Elias Ammann,Geneva region,Keeps an older dog on a veterinary diet and orders it from the same shop each month.,"Repeat orders, clear delivery dates, and no add-on supplements.",Steady household spending with a recurring pet-care order.,balanced,One or two short trips to France each year.
CU1045,Katja Pereira,Lugano region,Works long hours in Lugano and has groceries and dinner delivered most days.,"Fast delivery, saved addresses, and no membership programmes added at checkout.","Frequent small ecommerce and mobile-wallet payments, especially food delivery and groceries.",flexible,One or two short trips to Italy each year.
CU1046,Noor Berger,Sion region,Is retired and does the shopping on foot in the mornings.,The same local shops for decades and no online marketplaces.,"Morning grocery visits, pharmacy co-payments, lunches out, and books.",balanced,One or two short trips to France each year.
CU1047,Aurelio Nair,Lugano region,Prefers nearby physical shops and normally pays for everyday items in person.,Shops within walking distance and cash or card at the counter.,Predictable daytime purchases at a small set of local shops.,careful,Rarely travels without the family.
CU1048,Benjamin Martin,Basel region,Trains for two marathons a year and tracks every purchase of shoes and nutrition.,Shoes in a known size from a specialist shop with a 30-day return window.,"Weekly groceries and transport, with sports gear clustered around the season start.",balanced,One European city trip a year.
CU1049,Alex Egli,Lausanne region,Takes a short city trip in Europe most months and books everything online.,"Hotels near the station, standard rooms, and cancellation until the day before.","Monthly hotel and rail bookings, restaurants abroad, and ordinary groceries at home.",flexible,Occasional domestic trips only.
CU1050,Pascal Kaufmann,Bern region,Has lived in the same village near Bern for decades and rarely shops online.,Known local retailers and no marketplace sellers.,In-store groceries several times a week and the occasional lunch out.,careful,Rarely travels abroad.
CU1051,Tessa Rey,Neuchatel region,Runs a repair cafe volunteer group and buys mostly secondhand.,"Refill stations, repair services, and secondhand goods before anything new.","Modest, steady spending with a few refurbished purchases each year.",balanced,One European city trip a year.
CU1052,Yara Blanc,Bern region,Relocated from Germany and has not yet settled on regular merchants.,"Furniture and basics for the new flat, delivered on a fixed date.","Household setup purchases, groceries from several different supermarkets, and transport.",balanced,A few European city trips each year.
CU1053,Jan Costa,Zurich region,Lives on a fixed income and plans purchases weeks ahead.,The cheapest sensible option and nothing bought on impulse.,"Weekly groceries, a transit pass, and rare clothing purchases.",careful,Domestic travel only.
CU1054,Luca Rey,Sion region,Rarely carries a physical card and shops for clothes online and in France.,"Fast checkout, saved sizes, and familiar fashion brands.",Many small wallet payments and periodic clothing orders.,balanced,Frequent weekend trips to France.
CU1055,Leonie Zbinden,Geneva region,Studies part-time while working and relies on several digital learning services.,"Student discounts, no bundled extras, and clear cancellation terms.","Small recurring subscriptions, book purchases, transport, and inexpensive cafes.",careful,One or two short trips to France each year.
CU1056,Roman Ricci,Lucerne region,Likes to see products before buying and collects from the store when ordering online.,Shops within walking distance and cash or card at the counter.,In-store groceries several times a week and the occasional lunch out.,careful,Domestic travel only.
CU1057,Dario Morel,Zurich region,Studies part-time while working and relies on several digital learning services.,"Student discounts, no bundled extras, and clear cancellation terms.","Transport passes, streaming and learning plans, groceries, and cheap lunches.",careful,One European city trip a year.
CU1058,Cedric Rossi,Biel region,Keeps a large garden and does most repairs at home at weekends.,Local suppliers and seasonal purchases planned in advance.,"Weekend hardware and garden purchases, groceries, and fuel.",careful,One European city trip a year.
CU1059,Omar Bovet,Lucerne region,Has a baby and a toddler and orders most supplies online at odd hours.,"Reliable next-day delivery, familiar brands, and no toys added to the basket.","Frequent grocery and baby-supply deliveries, pharmacy purchases, and little dining out.",careful,Almost never leaves Switzerland.
CU1060,Aurelio Silva,Biel region,Has a long commute and a monthly transit pass that renews automatically.,"Monthly transit passes, quick lunches, and nothing that needs a signature.","Transit passes, fuel, weekday lunches, and weekend groceries.",balanced,Occasional domestic trips only.
CU1061,Sofia Tanaka,Lausanne region,Enjoys photography and saves for occasional equipment rather than buying accessories frequently.,"Specialist photography retailers, no marketplace sellers, and a 14-day return window.","Mostly modest daily spending interrupted by rare, planned high-value photography purchases.",planned_high_value,Occasional domestic trips only.
CU1062,Jonas Nair,Zurich region,"Is a nurse on a rotating roster, so ordinary purchases happen at any hour of the day.",Fast grocery delivery and practical meals after late shifts; avoids energy drinks.,"Groceries, meal delivery, transport, and pharmacy purchases, including legitimate late-night activity.",balanced,A family holiday in Germany once a year.
CU1063,Aurelio Haas,Zurich region,Repairs products where possible and chooses refill or second-life options for routine shopping.,"Refill stations, repair services, and secondhand goods before anything new.","Transport passes, organic groceries, and occasional repairs or refurbished electronics.",careful,One European city trip a year.
CU1064,Chiara Andersson,Zurich region,Moved to Zurich for a new job this year and is still trying out local shops.,"Furniture and basics for the new flat, delivered on a fixed date.","Household setup purchases, groceries from several different supermarkets, and transport.",balanced,Weekend trips within Switzerland and Germany.
CU1065,Valentina Sato,Sion region,Runs and cycles throughout the year and replaces equipment only when needed.,Technical sports equipment from specialist retailers and products with clear return terms.,"Weekly groceries and transport, with sports gear clustered around the season start.",balanced,One European city trip a year.
CU1066,Roman Frei,Lugano region,Distrusts marketplaces and only buys online from sellers used before.,A short list of trusted web shops and in-store purchases for everything else.,"Few online purchases, repeated familiar merchants, and mostly local in-store daily spending.",careful,One European city trip a year.
CU1067,Alex El-Amin,Basel region,Buys a festival pass every year and otherwise lives quietly.,Tickets from the venue's own seller and refundable travel where possible.,"Summer bursts of tickets, hotels, and trains around events; ordinary spending otherwise.",flexible,Regular short trips to Germany.
CU1068,Amina Blanc,Geneva region,Works for an international company in Geneva and flies home to the United States regularly.,"Familiar online services from home, refundable flights, and English-language sellers.",Mixed-currency spending with frequent small foreign online payments.,flexible,One European city trip a year.
CU1069,Livia Mendes,Bern region,"Is a nurse on a rotating roster, so ordinary purchases happen at any hour of the day.",Fast grocery delivery and practical meals after late shifts; avoids energy drinks.,Small frequent purchases spread across the whole day and night.,balanced,A family holiday in Germany once a year.
CU1070,Raphael Kumar,St. Gallen region,Runs and ski-tours most weekends and drives to trailheads in Austria in spring and autumn.,Repairable outdoor equipment and specialist sports shops rather than fashion purchases.,"Sports purchases, fuel, casual dining, and periodic EUR transactions in Austria.",balanced,Weekend trips within Switzerland and Austria.
CU1071,Elif Zbinden,Lucerne region,Owns a cafe in Lucerne and pays suppliers and software from a business account.,"Clear invoices, business software billed monthly, and team meals at familiar restaurants.","Weekly supplier purchases, monthly software, and occasional trade-fair travel.",balanced,A few European city trips each year.
CU1072,Sofia Sutter,Winterthur region,Works long hours in Winterthur and has groceries and dinner delivered most days.,"Fast delivery, saved addresses, and no membership programmes added at checkout.",Many small online payments in the evening and few in-store purchases.,flexible,A few European city trips each year.
CU1073,Livia Blanc,Fribourg region,Studies part-time while working and relies on several digital learning services.,Books and learning tools with transparent prices; no automatic premium upgrades.,Many small purchases below CHF 30 and very few above CHF 150.,careful,Rarely travels abroad.
CU1074,Katja Rochat,St. Gallen region,Takes a short city trip in Europe most months and books everything online.,"Refundable hotel rates, rail tickets, and no travel insurance add-ons.",Bursts of EUR spending on trip weekends and normal CHF spending otherwise.,flexible,Frequent weekend trips to Austria.
CU1075,David Brunner,St. Gallen region,Balances a busy schedule with frequent grocery and prepared-meal deliveries.,"Fast delivery, saved addresses, and no membership programmes added at checkout.","Frequent small ecommerce and mobile-wallet payments, especially food delivery and groceries.",flexible,Weekend trips within Switzerland and Austria.
CU1076,Pascal Lindqvist,Lugano region,Moved to Lugano for a new job this year and is still trying out local shops.,"Furniture and basics for the new flat, delivered on a fixed date.","A wider-than-usual variety of new grocery, household, transport, and home-improvement merchants.",balanced,Occasional domestic trips only.
CU1077,Adrian Ricci,Zurich region,"Spends weekends hiking and climbing, with seasonal trips to Germany.","Technical gear from specialist retailers, sold in standard sizes with a return window.","Groceries and fuel during the week, with gear and hut meals in Germany on trips.",balanced,A few European city trips each year.
CU1078,Aurelio Perret,Bern region,Streams games in the evening and orders dinner online most nights.,Monthly plans that can be paused and no in-app upsells.,"Evening online orders, several subscriptions, and occasional hardware purchases.",flexible,One European city trip a year.
CU1079,Roman Meier,Biel region,Manages two households' groceries and pharmacy runs on separate cards.,"Separate receipts per household, familiar pharmacies, and predictable delivery days.","Two grocery deliveries a week, pharmacy co-payments, and children's clothing.",balanced,A family holiday in France once a year.
CU1080,Tessa Arnold,Bellinzona region,Commutes daily by train between Bellinzona and the office and buys lunch near work.,"Monthly transit passes, quick lunches, and nothing that needs a signature.","Morning coffee and lunch on the phone wallet, groceries on Saturdays.",balanced,One or two short trips to Italy each year.
CU1081,Mila Marti,Zurich region,Lives on a fixed income and plans purchases weeks ahead.,"Own-brand groceries, no subscriptions that auto-renew, and no delivery fees.",Very predictable low spending at a few merchants.,careful,One or two short trips to Germany each year.
CU1082,Tomas Bachmann,Fribourg region,Works nights at a logistics hub and does most shopping in the early morning or late evening.,Meals that arrive quickly at odd hours and pharmacies that are open late.,"Late-night meal orders, weekly groceries, and transport tickets at irregular times.",careful,Domestic travel only.
CU1083,Sophie Stalder,Winterthur region,Avoids buying new where a repair or refill will do and cycles everywhere.,"Refill stations, repair services, and secondhand goods before anything new.","Modest, steady spending with a few refurbished purchases each year.",careful,Occasional domestic trips only.
CU1084,Luca Nguyen,Zurich region,Is retired and does the shopping on foot in the mornings.,The same local shops for decades and no online marketplaces.,"Morning grocery visits, pharmacy co-payments, lunches out, and books.",careful,One European city trip a year.
CU1085,Sara Hofer,St. Gallen region,Keeps a large garden and does most repairs at home at weekends.,Local suppliers and seasonal purchases planned in advance.,In-store purchases on Saturdays and few online orders.,careful,Occasional domestic trips only.
CU1086,Nora Egli,Winterthur region,Relocated from Germany and has not yet settled on regular merchants.,Reasonable prices and easy returns while testing new shops.,"A wider-than-usual variety of new grocery, household, transport, and home-improvement merchants.",balanced,Occasional domestic trips only.
CU1087,Elias Schmid,Thun region,"Recently retired and spends more time cooking, walking, and visiting museums.",The same local shops for decades and no online marketplaces.,Steady daytime spending at a handful of familiar merchants.,careful,One European city trip a year.
CU1088,Florian Nguyen,Neuchatel region,Runs a small landscaping business and keeps business purchases on a separate credit card.,"Suppliers with net invoicing, no marketplace sellers, and simple expense tracking.","Team meals, software plans, supplies, and fuel on the business card, groceries on the personal one.",flexible,Frequent client trips to France and Austria.
CU1089,Chiara Marti,Zurich region,Spends evenings gaming and keeps several streaming and game subscriptions.,Components with a clear warranty and delivery tracking.,"Food delivery late in the evening, subscriptions early in the month, and hardware a few times a year.",balanced,Occasional domestic trips only.
CU1090,Fabian Arnold,Basel region,Is an engineer from the United States who still orders from familiar online shops abroad.,"Known international brands, flights booked directly, and no currency-conversion surprises.",Foreign online purchases most weeks and trips home every couple of months.,flexible,A few European city trips each year.
CU1091,Amina Rossi,Lausanne region,Plans household purchases for a family of two and normally shops once a week.,"Familiar supermarkets, clearly labelled children's sizes, and no impulse extras.","Regular supermarket visits, public transport, and occasional family meals, mostly during daytime.",careful,Several trips to France and Germany each year.
CU1092,Maya Novak,Lugano region,Runs a two-person workshop and buys tools and materials every week.,Predictable recurring business costs and no bundled consulting.,Mixed business and personal spending across two cards.,balanced,One European city trip a year.
CU1093,Benjamin Demir,Biel region,Grows vegetables on an allotment and fixes things rather than replacing them.,Local suppliers and seasonal purchases planned in advance.,Seasonal peaks in spring for garden supplies and steady groceries otherwise.,careful,Almost never leaves Switzerland.
CU1094,Nils Morel,Zurich region,Lives in a shared flat in Zurich where the grocery run rotates weekly between flatmates.,Shared essentials in normal pack sizes and receipts that are easy to split.,Frequent small grocery and delivery payments and very few large ones.,careful,One or two short trips to Germany each year.
CU1095,Elias Colombo,Fribourg region,Has a long commute and a monthly transit pass that renews automatically.,Contactless payments for coffee and lunch and a renewed transit pass each month.,"Morning coffee and lunch on the phone wallet, groceries on Saturdays.",balanced,A family holiday in France once a year.
CU1096,Katja Diallo,Winterthur region,Studies architecture and works evenings in a cafe to cover rent.,"Student discounts, no bundled extras, and clear cancellation terms.","Small recurring subscriptions, book purchases, transport, and inexpensive cafes.",careful,Occasional domestic trips only.
CU1097,Chiara Sutter,Biel region,Grows vegetables on an allotment and fixes things rather than replacing them.,Local suppliers and seasonal purchases planned in advance.,In-store purchases on Saturdays and few online orders.,careful,Occasional domestic trips only.
CU1098,Aisha Novak,Bern region,Owns a cafe in Bern and pays suppliers and software from a business account.,"Suppliers with net invoicing, no marketplace sellers, and simple expense tracking.",Mixed business and personal spending across two cards.,balanced,Regular short trips to Germany.
CU1099,Priya Rochat,Fribourg region,Follows a few bands around France and Switzerland every summer.,Tickets from the venue's own seller and refundable travel where possible.,"Summer bursts of tickets, hotels, and trains around events; ordinary spending otherwise.",flexible,Several trips to France and the Netherlands each year.
CU1100,Rahel Zbinden,Geneva region,Pays almost everything by phone and visits family in France most months.,"Mobile receipts, fast checkout, and Italian or Swiss fashion retailers with returns.","High mobile-wallet usage for clothing, dining, groceries, and cross-border trips.",flexible,A few European city trips each year.
CU1101,Sofia Wyss,Geneva region,Moved to Geneva for a new job this year and is still trying out local shops.,"Furniture and basics for the new flat, delivered on a fixed date.","Household setup purchases, groceries from several different supermarkets, and transport.",balanced,One European city trip a year.
CU1102,Camille Widmer,Winterthur region,Follows a few bands around Germany and Switzerland every summer.,Standard admission from clear ticket sellers; no VIP or resale upgrades.,"Seasonal clusters of event purchases alongside normal groceries, transport, and dining.",flexible,Several trips to Germany and the United States each year.
CU1103,Pascal Colombo,Bern region,Coordinates purchases for children and an older relative as well as her own household.,"Separate receipts per household, familiar pharmacies, and predictable delivery days.","Groceries, family supplies, health purchases, and household orders across two cards.",balanced,One or two short trips to Germany each year.
CU1104,Marco Martin,Geneva region,Researches online purchases carefully and uses a virtual card for web shops.,"Known electronics sellers, clear warranty terms, and no marketplace add-ons.","Local in-store groceries and fuel, with a handful of online electronics purchases a year.",careful,Almost never leaves Switzerland.
CU1105,Tessa Andersson,Geneva region,Follows a training plan from an app and orders supplements monthly.,"Monthly memberships that can be paused, and no annual upfront plans.",Early-morning purchases near the gym and monthly subscription charges.,balanced,One European city trip a year.
CU1106,Adrian Dubois,Thun region,Is a full-time student in Thun with a small budget and a prepaid card for web shops.,Books and learning tools with transparent prices; no automatic premium upgrades.,"Small recurring subscriptions, book purchases, transport, and inexpensive cafes.",careful,A family holiday in Germany once a year.
CU1107,Elias Furrer,Basel region,Lives on a fixed income and plans purchases weeks ahead.,The cheapest sensible option and nothing bought on impulse.,"Weekly groceries, a transit pass, and rare clothing purchases.",careful,Rarely travels abroad.
CU1108,Laura Morel,Zurich region,Moved to Switzerland from Germany for work and keeps several subscriptions from home.,Services billed in GBP or USD where the home account still exists.,Foreign online purchases most weeks and trips home every couple of months.,balanced,Weekend trips within Switzerland and Germany.
CU1109,Elena Ricci,Sion region,Runs a small catering business and keeps business purchases on a separate credit card.,"Suppliers with net invoicing, no marketplace sellers, and simple expense tracking.","Weekly supplier purchases, monthly software, and occasional trade-fair travel.",flexible,Several trips to France and Italy each year.
CU1110,Leonie Furrer,Lucerne region,Spends Saturdays at the hardware store and the garden centre.,Repairs before replacements and no delivery fees for bulky items.,Seasonal peaks in spring for garden supplies and steady groceries otherwise.,careful,One European city trip a year.
CU1111,Tomas Petrov,Lugano region,Photographs landscapes in the Lugano area and buys a lens perhaps once a year.,"Compatible camera equipment from specialist shops, with a return window and no financing.","Ordinary groceries and fuel, with one or two purchases above CHF 500 per year.",planned_high_value,One European city trip a year.
CU1112,Camille Aebi,Lausanne region,Coordinates purchases for children and an older relative as well as her own household.,"Reliable delivery windows, clearly sized children's items, and familiar pharmacies.","Two grocery deliveries a week, pharmacy co-payments, and children's clothing.",balanced,Occasional domestic trips only.
CU1113,Aline Marti,Chur region,Attends concerts and festivals in summer but spends little on entertainment during the rest of the year.,"Official ticket sellers only, standard tickets, and no seat upgrades.","Groceries and dining year-round, with entertainment spending concentrated in June to August.",flexible,Several trips to Austria and Italy each year.
CU1114,Omar Greco,Zurich region,Owns a cafe in Zurich and pays suppliers and software from a business account.,"Clear invoices, business software billed monthly, and team meals at familiar restaurants.",Mixed business and personal spending across two cards.,balanced,A few European city trips each year.
CU1115,Andrea Keller,Winterthur region,Photographs landscapes in the Winterthur area and buys a lens perhaps once a year.,"Compatible camera equipment from specialist shops, with a return window and no financing.","Mostly modest daily spending interrupted by rare, planned high-value photography purchases.",planned_high_value,Regular short trips to Germany.
CU1116,Julia Marti,Bern region,Prefers nearby physical shops and normally pays for everyday items in person.,Shops within walking distance and cash or card at the counter.,"Daytime in-store groceries, transport, clothing, and occasional restaurant purchases.",careful,A family holiday in Germany once a year.
CU1117,Nora Morel,Geneva region,Owns a cafe in Geneva and pays suppliers and software from a business account.,"Suppliers with net invoicing, no marketplace sellers, and simple expense tracking.","Team meals, software plans, supplies, and fuel on the business card, groceries on the personal one.",flexible,One or two short trips to France each year.
CU1118,Matthias Perret,Chur region,Retired teacher who shops at the same supermarket most mornings and reads a great deal.,The same local shops for decades and no online marketplaces.,"Morning grocery visits, pharmacy co-payments, lunches out, and books.",careful,A few European city trips each year.
CU1119,Gabriel Schneider,Lucerne region,Prefers nearby physical shops and normally pays for everyday items in person.,Shops within walking distance and cash or card at the counter.,"Daytime in-store groceries, transport, clothing, and occasional restaurant purchases.",careful,Rarely travels abroad.
CU1120,Mila Hess,Bern region,Works in sales across the United Kingdom and Germany and books most trips at short notice.,Hotels close to the client office and no non-refundable fares.,"Weekly hotel nights, taxis and trains, and client dinners, mostly billed in EUR.",balanced,Frequent client trips to the United Kingdom and Germany.
CU1121,Katja Andersson,Zug region,Moved to Zug for a new job this year and is still trying out local shops.,Reasonable prices and easy returns while testing new shops.,"Household setup purchases, groceries from several different supermarkets, and transport.",balanced,A few European city trips each year.
CU1122,Sophie Haddad,Lausanne region,Runs and ski-tours most weekends and drives to trailheads in France in spring and autumn.,"Technical gear from specialist retailers, sold in standard sizes with a return window.","Fuel and mountain restaurants at weekends, plus occasional larger equipment purchases.",balanced,"Frequent travel to France, the Netherlands, and further afield."
CU1123,Luca Berger,Zurich region,Buys a festival pass every year and otherwise lives quietly.,"Official ticket sellers only, standard tickets, and no seat upgrades.","Groceries and dining year-round, with entertainment spending concentrated in June to August.",flexible,Weekend trips within Switzerland and Germany.
CU1124,Jonas Girard,St. Gallen region,Rarely carries a physical card and shops for clothes online and in Austria.,"Fast checkout, saved sizes, and familiar fashion brands.","High mobile-wallet usage for clothing, dining, groceries, and cross-border trips.",flexible,Several trips to Austria and Germany each year.
CU1125,Sophie Marti,Winterthur region,Lives in a shared flat in Winterthur where the grocery run rotates weekly between flatmates.,Familiar supermarkets and the same meal-delivery service every time.,Frequent small grocery and delivery payments and very few large ones.,careful,Occasional domestic trips only.
CU1126,Aisha Silva,Geneva region,Drives to France every other Saturday for groceries and fuel.,EUR purchases at familiar border shops and CHF purchases at home.,A mix of CHF and EUR purchases every week.,careful,"Travels abroad most months, mostly within Europe."
CU1127,Florian Rossi,Neuchatel region,Rarely carries a physical card and shops for clothes online and in France.,"Mobile receipts, fast checkout, and Italian or Swiss fashion retailers with returns.","Wallet taps for groceries and dining, plus clothing orders and short trips to France.",balanced,Regular short trips to France and Germany.
CU1128,Zoe Perret,Thun region,Organises meals and supplies for five people and buys most things in one weekly order.,"Familiar supermarkets, clearly labelled children's sizes, and no impulse extras.","Regular supermarket visits, public transport, and occasional family meals, mostly during daytime.",careful,One or two short trips to Germany each year.
CU1129,Helena Petrov,Schaffhausen region,Photographs landscapes in the Schaffhausen area and buys a lens perhaps once a year.,"Specialist photography retailers, no marketplace sellers, and a 14-day return window.","Ordinary groceries and fuel, with one or two purchases above CHF 500 per year.",planned_high_value,One or two short trips to Germany each year.
CU1130,Helena Egli,Zurich region,Bought an old house near Zurich and renovates one room every few months.,"Simple repairable fittings, neutral colours, and click-and-collect when available.",Weekly groceries plus periodic larger purchases of materials on the renovation card.,balanced,A family holiday in Germany once a year.
CU1131,Elias Girard,Bellinzona region,Grows vegetables on an allotment and fixes things rather than replacing them.,Local suppliers and seasonal purchases planned in advance.,Seasonal peaks in spring for garden supplies and steady groceries otherwise.,balanced,One European city trip a year.
CU1132,Noah Rochat,St. Gallen region,Likes to see products before buying and collects from the store when ordering online.,"Local products, simple receipts, and collection from a store rather than delivery.","Daytime in-store groceries, transport, clothing, and occasional restaurant purchases.",careful,Almost never leaves Switzerland.
CU1133,Andrea Meier,Neuchatel region,Lives in a shared flat in Neuchatel where the grocery run rotates weekly between flatmates.,"Cheap household basics, no premium brands, and delivery only when the order is large.","Weekly shared groceries, occasional takeaway, and transport tickets.",careful,One European city trip a year.
CU1134,Elena Bianchi,Zug region,Moved to Zug for a new job this year and is still trying out local shops.,Practical household basics and merchants that offer clear delivery dates.,"A wider-than-usual variety of new grocery, household, transport, and home-improvement merchants.",balanced,A few European city trips each year.
CU1135,Ana Weber,Lugano region,Has two cats and a standing order for their usual food every four weeks.,Exactly the same food formula every time; substitutions only after asking.,"Recurring pet-care payments mixed with groceries, transport, health, and park-side cafes.",balanced,Almost never leaves Switzerland.
CU1136,Naomi Andersson,Geneva region,Retired teacher who shops at the same supermarket most mornings and reads a great deal.,"Nearby shops, printed receipts, and familiar pharmacies.",Steady daytime spending at a handful of familiar merchants.,balanced,Occasional domestic trips only.
CU1137,Clara Stalder,Bern region,Attends concerts and festivals in summer but spends little on entertainment during the rest of the year.,"Official ticket sellers only, standard tickets, and no seat upgrades.","Summer bursts of tickets, hotels, and trains around events; ordinary spending otherwise.",flexible,Regular short trips to Germany.
CU1138,Ida Perret,Winterthur region,Follows a few bands around Germany and Switzerland every summer.,"Official ticket sellers only, standard tickets, and no seat upgrades.","Groceries and dining year-round, with entertainment spending concentrated in June to August.",flexible,Regular short trips to Germany.
CU1139,Matthias Graf,Biel region,"Recently retired and spends more time cooking, walking, and visiting museums.",The same local shops for decades and no online marketplaces.,"Small daily in-store purchases, a newspaper subscription, and occasional short hotel stays.",balanced,A family holiday in France once a year.
CU1140,Aurelio Vogel,Lugano region,Drives to a park-and-ride each morning and takes the train into Lugano.,Contactless payments for coffee and lunch and a renewed transit pass each month.,"Transit passes, fuel, weekday lunches, and weekend groceries.",balanced,A family holiday in Italy once a year.
CU1141,Andrea Furrer,Chur region,Uses a phone wallet for most everyday purchases and keeps a separate travel card.,"Fast checkout, saved sizes, and familiar fashion brands.","Wallet taps for groceries and dining, plus clothing orders and short trips to Austria.",balanced,Regular short trips to Austria.
CU1142,Silvan Egli,Geneva region,Drives to France every other Saturday for groceries and fuel.,"Supermarkets just across the border, paid in EUR, and fuel on the same trip.",Fortnightly border shopping trips and small local purchases in between.,careful,"Travels abroad most months, mostly within Europe."
CU1143,Emma Meier,Thun region,Takes a short city trip in Europe most months and books everything online.,"Refundable hotel rates, rail tickets, and no travel insurance add-ons.","Monthly hotel and rail bookings, restaurants abroad, and ordinary groceries at home.",flexible,Regular short trips to Germany and the Netherlands.
CU1144,David Costa,Zug region,"Is a nurse on a rotating roster, so ordinary purchases happen at any hour of the day.","Quick delivery, saved reorders, and no premium delivery upgrades.",Small frequent purchases spread across the whole day and night.,balanced,Almost never leaves Switzerland.
CU1145,Zoe Lindqvist,Lucerne region,Works in sales across the Netherlands and Germany and books most trips at short notice.,Hotels close to the client office and no non-refundable fares.,"Hotels and restaurant bills abroad in EUR, plus ordinary groceries and transport at home.",flexible,Regular business travel in the Netherlands and Germany.
CU1146,Benjamin Ricci,Zug region,Runs and ski-tours most weekends and drives to trailheads in Germany in spring and autumn.,Repairable outdoor equipment and specialist sports shops rather than fashion purchases.,"Fuel and mountain restaurants at weekends, plus occasional larger equipment purchases.",balanced,Frequent weekend trips to Germany.
CU1147,Jan Favre,Geneva region,"Spends weekends hiking and climbing, with seasonal trips to France.","Technical gear from specialist retailers, sold in standard sizes with a return window.","Sports purchases, fuel, casual dining, and periodic EUR transactions in France.",balanced,Weekend trips within Switzerland and France.
CU1148,Mateo Aebi,Chur region,"Recently retired and spends more time cooking, walking, and visiting museums.","Nearby shops, printed receipts, and familiar pharmacies.","Small daily in-store purchases, a newspaper subscription, and occasional short hotel stays.",balanced,Several trips to Austria and Italy each year.
CU1149,Emma Haddad,Basel region,Works for an international company in Basel and flies home to Germany regularly.,"Familiar online services from home, refundable flights, and English-language sellers.",Foreign online purchases most weeks and trips home every couple of months.,balanced,One or two short trips to Germany each year.
CU1150,Tessa Moser,Basel region,Works independently as a designer and uses a separate card for business tools and travel.,"Monthly software plans that can be cancelled, and hardware with a clear warranty.","Recurring software in USD and EUR, coworking lunches, and periodic client travel.",flexible,Weekend trips within Switzerland and Germany.
CU1151,Jakob Berger,Bern region,Goes to early-morning classes and tracks meals with a subscription app.,Sports nutrition from known sellers and no automatic renewals into premium tiers.,"Gym and app subscriptions, sports nutrition, physiotherapy, and groceries.",balanced,A family holiday in Germany once a year.
CU1152,Roman Lüthi,St. Gallen region,Has lived in the same village near St. Gallen for decades and rarely shops online.,Known local retailers and no marketplace sellers.,"Daytime in-store groceries, transport, clothing, and occasional restaurant purchases.",careful,Rarely travels without the family.
CU1153,Noah Martin,Zurich region,Spends many weekends in Germany and Austria and prefers refundable bookings.,"Refundable hotel rates, rail tickets, and no travel insurance add-ons.",Frequent travel-related purchases and dining in several currencies.,flexible,"Frequent travel to Germany, Austria, and further afield."
CU1154,Aurelio Diallo,Zurich region,"Juggles two small children and shops whenever they sleep, day or night.","Reliable next-day delivery, familiar brands, and no toys added to the basket.","Online orders at all hours, mostly below CHF 100, and occasional larger children's purchases.",careful,One or two short trips to Germany each year.
CU1155,Silvan Sato,Neuchatel region,Saves for months before each camera purchase and never finances equipment.,Equipment compatible with the current camera body and nothing on instalments.,"Ordinary groceries and fuel, with one or two purchases above CHF 500 per year.",planned_high_value,A few European city trips each year.
CU1156,Pascal Horvat,Lausanne region,Has a baby and a toddler and orders most supplies online at odd hours.,"Reliable next-day delivery, familiar brands, and no toys added to the basket.","Groceries, nappies, and pharmacy items several times a week.",careful,One European city trip a year.
CU1157,Noah Graf,Bellinzona region,Buys a festival pass every year and otherwise lives quietly.,Tickets from the venue's own seller and refundable travel where possible.,"Groceries and dining year-round, with entertainment spending concentrated in June to August.",flexible,Regular short trips to Italy.
CU1158,Milan Andersson,Basel region,Moved to Switzerland from the United Kingdom for work and keeps several subscriptions from home.,Services billed in GBP or USD where the home account still exists.,Foreign online purchases most weeks and trips home every couple of months.,flexible,Weekend trips within Switzerland and the United Kingdom.
CU1159,Helena Bernasconi,Thun region,Plans household purchases for a family of three and normally shops once a week.,"Bulk staples in normal pack sizes, reliable delivery slots, and nothing that looks like a gift card.","Regular supermarket visits, public transport, and occasional family meals, mostly during daytime.",balanced,A family holiday in Germany once a year.
CU1160,Robin Zbinden,Winterthur region,Works independently as a designer and uses a separate card for business tools and travel.,"Tools billed to the business card, personal items to the other, never mixed.","Digital tools and subscriptions, plus ordinary groceries and dining.",flexible,"Travels abroad most weeks for work, mostly within Europe."
CU1161,Hannah Yilmaz,Lugano region,Prefers nearby physical shops and normally pays for everyday items in person.,"Local products, simple receipts, and collection from a store rather than delivery.",In-store groceries several times a week and the occasional lunch out.,careful,Domestic travel only.
CU1162,Benjamin Haddad,Zurich region,Works in Switzerland but shops for groceries in Germany where prices are lower.,"Supermarkets just across the border, paid in EUR, and fuel on the same trip.",Fortnightly border shopping trips and small local purchases in between.,careful,"Travels abroad most months, mostly within Europe."
CU1163,Elif Marti,Sion region,Researches online purchases carefully and uses a virtual card for web shops.,"Sellers with a Swiss address, a two-year warranty, and no protection-plan upsells.","Few online purchases, repeated familiar merchants, and mostly local in-store daily spending.",careful,Rarely travels abroad.
CU1164,Hannah Mendes,Bern region,Lives in a shared flat in Bern where the grocery run rotates weekly between flatmates.,Shared essentials in normal pack sizes and receipts that are easy to split.,Frequent small grocery and delivery payments and very few large ones.,careful,Weekend trips within Switzerland and Germany.
CU1165,Melis Schneider,Zurich region,Relocated from Germany and has not yet settled on regular merchants.,Practical household basics and merchants that offer clear delivery dates.,"A wider-than-usual variety of new grocery, household, transport, and home-improvement merchants.",balanced,A family holiday in Germany once a year.
CU1166,Lea Schneider,Thun region,Keeps personal daily spending separate from a shared household account.,Weekly grocery orders of similar size and no gift cards on the shared account.,Regular grocery and household spending split across two cards.,careful,Regular short trips to Germany.
CU1167,Yusuf Hofer,Zurich region,Freelances for clients in the United Kingdom and Germany and pays for most tools in foreign currency.,"Tools billed to the business card, personal items to the other, never mixed.","Digital tools and subscriptions, plus ordinary groceries and dining.",flexible,Several trips to the United Kingdom and Germany each year.
CU1168,Rahel Sato,Biel region,Avoids buying new where a repair or refill will do and cycles everywhere.,"Reusable, refurbished, or repairable items with transparent materials.","Groceries, repair services, second-life goods, public transport, and few impulse purchases.",balanced,Rarely travels abroad.
CU1169,Lea Andersson,Basel region,Takes a short city trip in Europe most months and books everything online.,Booking directly with hotels and rail operators rather than resellers.,"Monthly hotel and rail bookings, restaurants abroad, and ordinary groceries at home.",flexible,"Travels abroad most months, mostly within Europe."
CU1170,Roman Keller,Chur region,Drives to a park-and-ride each morning and takes the train into Chur.,Simple commuting costs and predictable weekly groceries.,"Transit passes, fuel, weekday lunches, and weekend groceries.",balanced,One European city trip a year.
CU1171,Aisha Ferrari,Bellinzona region,Retired teacher who shops at the same supermarket most mornings and reads a great deal.,The same local shops for decades and no online marketplaces.,Steady daytime spending at a handful of familiar merchants.,balanced,A family holiday in Italy once a year.
CU1172,Mateo Gasser,Thun region,Follows a training plan from an app and orders supplements monthly.,Clear membership terms and standard gym rates.,Steady subscription spending and periodic sportswear purchases.,balanced,One European city trip a year.
CU1173,Zoe Martin,Basel region,Has lived in the same village near Basel for decades and rarely shops online.,"Local products, simple receipts, and collection from a store rather than delivery.",Predictable daytime purchases at a small set of local shops.,careful,One or two short trips to Germany each year.
CU1174,Camille Keller,St. Gallen region,Studies part-time while working and relies on several digital learning services.,"Cheap transport passes, secondhand textbooks, and monthly rather than annual plans.",Many small purchases below CHF 30 and very few above CHF 150.,careful,Rarely travels without the family.
CU1175,Ana Nguyen,Bern region,Saves for a flat deposit and avoids any non-essential spending.,Discount supermarkets and secondhand goods.,Very predictable low spending at a few merchants.,careful,Domestic travel only.
CU1176,Robin Hofer,Zurich region,Balances a busy schedule with frequent grocery and prepared-meal deliveries.,"Reliable delivery estimates, saved food preferences, and no automatic membership enrolment.","Daily delivery orders, weekly groceries, and a few subscriptions.",flexible,A few European city trips each year.
CU1177,Elif Girard,Lucerne region,Spends Saturdays at the hardware store and the garden centre.,Local suppliers and seasonal purchases planned in advance.,In-store purchases on Saturdays and few online orders.,careful,Rarely travels without the family.
CU1178,Nora Sutter,Bern region,Works in a library and spends evenings at readings and concerts.,Cultural events at standard prices and no premium seating.,"A newspaper subscription, weekly book purchases, and museum passes.",balanced,One European city trip a year.
CU1179,Vera Bachmann,Bern region,Is a member of two book clubs and visits museums on weekends.,"Independent booksellers, standard tickets, and no resale platforms.","Books, tickets, dining, and ordinary groceries.",balanced,Regular short trips to Germany.
CU1180,Lina Andersson,St. Gallen region,Collects city breaks and books hotels a few weeks ahead.,"Hotels near the station, standard rooms, and cancellation until the day before.","Monthly hotel and rail bookings, restaurants abroad, and ordinary groceries at home.",flexible,"Frequent travel to Austria, Germany, and further afield."
CU1181,Priya Zimmermann,St. Gallen region,Runs a two-person workshop and buys tools and materials every week.,Predictable recurring business costs and no bundled consulting.,"Team meals, software plans, supplies, and fuel on the business card, groceries on the personal one.",flexible,Frequent client trips to Austria and Germany.
CU1182,Camille Roth,Geneva region,Works rotating hospital shifts and often buys meals and essentials outside standard office hours.,Meals that arrive quickly at odd hours and pharmacies that are open late.,"Late-night meal orders, weekly groceries, and transport tickets at irregular times.",careful,Occasional domestic trips only.
CU1183,Mila Sato,Bern region,Works in a library and spends evenings at readings and concerts.,Cultural events at standard prices and no premium seating.,"Books, tickets, dining, and ordinary groceries.",balanced,Weekend trips within Switzerland and Germany.
CU1184,Nina Andersson,Lugano region,Moved to Lugano for a new job this year and is still trying out local shops.,"Furniture and basics for the new flat, delivered on a fixed date.","Household setup purchases, groceries from several different supermarkets, and transport.",balanced,Several trips to Italy and the United Kingdom each year.
CU1185,Chiara Mendes,Zurich region,Collects city breaks and books hotels a few weeks ahead.,"Hotels near the station, standard rooms, and cancellation until the day before.",Bursts of EUR spending on trip weekends and normal CHF spending otherwise.,flexible,A family holiday in Germany once a year.
CU1186,Jakob Öztürk,Zurich region,Saves for months before each camera purchase and never finances equipment.,Equipment compatible with the current camera body and nothing on instalments.,"Mostly modest daily spending interrupted by rare, planned high-value photography purchases.",planned_high_value,A few European city trips each year.
CU1187,Robin Diallo,Lugano region,Takes a short city trip in Europe most months and books everything online.,"Refundable hotel rates, rail tickets, and no travel insurance add-ons.",Bursts of EUR spending on trip weekends and normal CHF spending otherwise.,flexible,"Frequent travel to Italy, Germany, and further afield."
CU1188,Camille Perret,Zurich region,Keeps personal daily spending separate from a shared household account.,Weekly grocery orders of similar size and no gift cards on the shared account.,Regular grocery and household spending split across two cards.,careful,Regular short trips to Germany.
CU1189,Jan Fischer,Bern region,Works independently as a designer and uses a separate card for business tools and travel.,"Tools billed to the business card, personal items to the other, never mixed.","Digital tools and subscriptions, plus ordinary groceries and dining.",flexible,A few European city trips each year.
CU1190,Mila Petrov,Bern region,Spends many weekends in Germany and France and prefers refundable bookings.,"Refundable hotel rates, rail tickets, and no travel insurance add-ons.","Monthly hotel and rail bookings, restaurants abroad, and ordinary groceries at home.",flexible,Regular short trips to Germany and France.
CU1191,Maya Gasser,Lausanne region,Works independently as a designer and uses a separate card for business tools and travel.,"Month-to-month software, clear invoices, and no bundled consulting services.","Software subscriptions, electronics, cafes, and occasional foreign-currency online services.",flexible,Frequent client trips to the United Kingdom and France.
CU1192,Thomas Steiner,Basel region,Likes to see products before buying and collects from the store when ordering online.,"Local products, simple receipts, and collection from a store rather than delivery.",Predictable daytime purchases at a small set of local shops.,careful,Domestic travel only.
CU1193,Jakob Silva,Zurich region,Shares a household card with a partner and keeps a personal card for everything else.,"Predictable grocery orders, clearly separated receipts, and household staples in normal quantities.","Groceries on the shared account, commuting and lunches on the personal card.",careful,Occasional domestic trips only.
CU1194,Sara Kumar,Zug region,Freelances for clients in Germany and Germany and pays for most tools in foreign currency.,"Tools billed to the business card, personal items to the other, never mixed.","Software subscriptions, electronics, cafes, and occasional foreign-currency online services.",flexible,Regular business travel in Germany and Germany.
CU1195,Elias Zbinden,Winterthur region,Grows vegetables on an allotment and fixes things rather than replacing them.,Local suppliers and seasonal purchases planned in advance.,In-store purchases on Saturdays and few online orders.,careful,Domestic travel only.
CU1196,Leon Keller,Biel region,Is an engineer from Germany who still orders from familiar online shops abroad.,Services billed in GBP or USD where the home account still exists.,Foreign online purchases most weeks and trips home every couple of months.,balanced,Regular business travel in Germany and France.
CU1197,Nina Fischer,Winterthur region,Works nights at a logistics hub and does most shopping in the early morning or late evening.,"Quick delivery, saved reorders, and no premium delivery upgrades.","Late-night meal orders, weekly groceries, and transport tickets at irregular times.",balanced,One European city trip a year.
CU1198,Katja Furrer,Thun region,Saves for a flat deposit and avoids any non-essential spending.,"Own-brand groceries, no subscriptions that auto-renew, and no delivery fees.",Very predictable low spending at a few merchants.,careful,Occasional domestic trips only.
CU1199,Elena Brunner,Neuchatel region,Moved to Switzerland from France for work and keeps several subscriptions from home.,Services billed in GBP or USD where the home account still exists.,Mixed-currency spending with frequent small foreign online payments.,balanced,Frequent client trips to France and France.
CU1200,Jan Colombo,Geneva region,Works independently as a designer and uses a separate card for business tools and travel.,"Tools billed to the business card, personal items to the other, never mixed.","Recurring software in USD and EUR, coworking lunches, and periodic client travel.",flexible,Frequent client trips to the Netherlands and France.
CU1201,Aurelio Widmer,Zurich region,Repairs products where possible and chooses refill or second-life options for routine shopping.,Local producers and long-lasting goods; no fast fashion.,"Groceries, repair services, second-life goods, public transport, and few impulse purchases.",balanced,One or two short trips to Germany each year.
CU1202,Tessa Schneider,Geneva region,Spends evenings gaming and keeps several streaming and game subscriptions.,Components with a clear warranty and delivery tracking.,"Evening online orders, several subscriptions, and occasional hardware purchases.",flexible,One European city trip a year.
CU1203,Robin Sutter,Biel region,Organises meals and supplies for three people and buys most things in one weekly order.,"Practical groceries, children's essentials, and durable household products; avoids gift vouchers.","Weekly groceries, school supplies, and a family restaurant visit now and then, almost always before 20:00.",careful,Weekend trips within Switzerland and France.
CU1204,Aurelio Costa,Lausanne region,Rarely carries a physical card and shops for clothes online and in France.,"Contactless everywhere, clothing with a 30-day return window, and no resale sellers.","Wallet taps for groceries and dining, plus clothing orders and short trips to France.",flexible,"Travels abroad most months, mostly within Europe."
CU1205,Aurelio Blanc,Fribourg region,Relocated from France and has not yet settled on regular merchants.,Reasonable prices and easy returns while testing new shops.,"A wider-than-usual variety of new grocery, household, transport, and home-improvement merchants.",balanced,A few European city trips each year.
CU1206,Greta Ammann,Fribourg region,Is gradually renovating an apartment and plans each room as a separate project.,"Simple repairable fittings, neutral colours, and click-and-collect when available.","Home-improvement stores, household purchases, transport, and occasional furniture deliveries.",balanced,Occasional domestic trips only.
CU1207,Valentina Wyss,Neuchatel region,Photographs landscapes in the Neuchatel area and buys a lens perhaps once a year.,Equipment compatible with the current camera body and nothing on instalments.,Small everyday payments and rare planned equipment purchases.,planned_high_value,Regular short trips to France.
CU1208,Chiara Yilmaz,Lugano region,Goes to early-morning classes and tracks meals with a subscription app.,"Monthly memberships that can be paused, and no annual upfront plans.","Gym and app subscriptions, sports nutrition, physiotherapy, and groceries.",balanced,Occasional domestic trips only.
CU1209,Daniel Schmid,Schaffhausen region,Travels regularly for consulting work and separates travel spending from everyday purchases.,Flexible hotel bookings near public transport and simple expense documentation.,"Weekly hotel nights, taxis and trains, and client dinners, mostly billed in EUR.",balanced,Regular business travel in the United States and Germany.
CU1210,Matthias Keller,Sion region,Moved to Switzerland from the Netherlands for work and keeps several subscriptions from home.,Services billed in GBP or USD where the home account still exists.,Foreign online purchases most weeks and trips home every couple of months.,flexible,Several trips to the Netherlands and France each year.
CU1211,Robin Lüthi,Zurich region,"Recently retired and spends more time cooking, walking, and visiting museums.",The same local shops for decades and no online marketplaces.,"Small daily in-store purchases, a newspaper subscription, and occasional short hotel stays.",balanced,One European city trip a year.
CU1212,Ana Ferrari,Geneva region,Runs and ski-tours most weekends and drives to trailheads in France in spring and autumn.,"Technical gear from specialist retailers, sold in standard sizes with a return window.","Groceries and fuel during the week, with gear and hut meals in France on trips.",balanced,One European city trip a year.
CU1213,Yara Costa,Zurich region,Works nights at a logistics hub and does most shopping in the early morning or late evening.,Fast grocery delivery and practical meals after late shifts; avoids energy drinks.,"Groceries, meal delivery, transport, and pharmacy purchases, including legitimate late-night activity.",balanced,Occasional domestic trips only.
CU1214,Florian Baumann,Zurich region,Has lived in the same village near Zurich for decades and rarely shops online.,Known local retailers and no marketplace sellers.,"Daytime in-store groceries, transport, clothing, and occasional restaurant purchases.",careful,Domestic travel only.
CU1215,Adrian Brunner,Lucerne region,Keeps a mountain hut calendar and buys most gear from two specialist shops.,"Durable equipment, secondhand where sensible, and no fashion sportswear.","Fuel and mountain restaurants at weekends, plus occasional larger equipment purchases.",balanced,A few European city trips each year.
CU1216,Mei Bianchi,Lugano region,"Spends weekends hiking and climbing, with seasonal trips to Italy.","Durable equipment, secondhand where sensible, and no fashion sportswear.","Groceries and fuel during the week, with gear and hut meals in Italy on trips.",balanced,Regular short trips to Italy and Germany.
CU1217,Omar Chen,Winterthur region,Lives in a shared flat in Winterthur where the grocery run rotates weekly between flatmates.,Familiar supermarkets and the same meal-delivery service every time.,Frequent small grocery and delivery payments and very few large ones.,careful,A family holiday in Germany once a year.
CU1218,Julia Ferrari,Zurich region,"Juggles two small children and shops whenever they sleep, day or night.","Reliable next-day delivery, familiar brands, and no toys added to the basket.","Frequent grocery and baby-supply deliveries, pharmacy purchases, and little dining out.",balanced,Almost never leaves Switzerland.
CU1219,Elena Gerber,Chur region,Spends evenings gaming and keeps several streaming and game subscriptions.,Components with a clear warranty and delivery tracking.,Mostly online spending after 18:00 and little in-store activity.,flexible,A family holiday in Austria once a year.
CU1220,Julia Bovet,Zurich region,Retired teacher who shops at the same supermarket most mornings and reads a great deal.,"Nearby shops, printed receipts, and familiar pharmacies.",Steady daytime spending at a handful of familiar merchants.,careful,Occasional domestic trips only.
CU1221,Mei Tanaka,Geneva region,"Juggles two small children and shops whenever they sleep, day or night.","Reliable next-day delivery, familiar brands, and no toys added to the basket.","Online orders at all hours, mostly below CHF 100, and occasional larger children's purchases.",careful,Domestic travel only.
CU1222,Laura Jensen,Chur region,Runs a two-person workshop and buys tools and materials every week.,"Suppliers with net invoicing, no marketplace sellers, and simple expense tracking.",Mixed business and personal spending across two cards.,balanced,Regular short trips to Austria.
CU1223,Benjamin Sutter,Lugano region,Splits rent and shopping with six flatmates and keeps every receipt for the split.,Shared essentials in normal pack sizes and receipts that are easy to split.,"Groceries and household goods from recurring local merchants, plus shared meal deliveries.",careful,One European city trip a year.
CU1224,Benjamin Keller,Geneva region,Is an engineer from Germany who still orders from familiar online shops abroad.,"Known international brands, flights booked directly, and no currency-conversion surprises.","Subscriptions in GBP and USD, regular flights to Germany, and ordinary Swiss groceries and dining.",balanced,Regular short trips to Germany.
CU1225,Julia Arnold,Zurich region,Owns a cafe in Zurich and pays suppliers and software from a business account.,Predictable recurring business costs and no bundled consulting.,"Weekly supplier purchases, monthly software, and occasional trade-fair travel.",flexible,"Travels abroad most weeks for work, mostly within Europe."
CU1226,Paula Rossi,Bern region,Keeps a large garden and does most repairs at home at weekends.,"Hardware stores with collection, seeds and tools in season, and durable equipment.",In-store purchases on Saturdays and few online orders.,balanced,Rarely travels abroad.
CU1227,Tomas Zbinden,Lucerne region,"Is on parental leave and orders nappies, food, and pharmacy items for home delivery.","Reliable next-day delivery, familiar brands, and no toys added to the basket.","Groceries, nappies, and pharmacy items several times a week.",balanced,A family holiday in Germany once a year.
CU1228,Silvan Petrov,Bern region,Plays in an amateur volleyball league and buys kit at the start of each season.,Specialist retailers over marketplaces and no extended-warranty add-ons.,"Weekly groceries and transport, with sports gear clustered around the season start.",balanced,Weekend trips within Switzerland and Germany.
CU1229,Kevin Girard,Lucerne region,Keeps an older dog on a veterinary diet and orders it from the same shop each month.,"Repeat orders, clear delivery dates, and no add-on supplements.",Steady household spending with a recurring pet-care order.,balanced,One or two short trips to Germany each year.
CU1230,Jakob Martin,Thun region,Works rotating hospital shifts and often buys meals and essentials outside standard office hours.,Meals that arrive quickly at odd hours and pharmacies that are open late.,Small frequent purchases spread across the whole day and night.,careful,Almost never leaves Switzerland.
CU1231,Benjamin Kumar,Geneva region,"Reads widely, goes to the theatre, and keeps a newspaper subscription.","Independent booksellers, standard tickets, and no resale platforms.","Books, tickets, dining, and ordinary groceries.",balanced,Several trips to France and Italy each year.
CU1232,Mei Baumann,Bern region,Runs a small printing business and keeps business purchases on a separate credit card.,"Clear invoices, business software billed monthly, and team meals at familiar restaurants.","Team meals, software plans, supplies, and fuel on the business card, groceries on the personal one.",flexible,Frequent client trips to Germany and France.
CU1233,Marco Silva,Chur region,Streams games in the evening and orders dinner online most nights.,"Digital purchases from official stores, no marketplace resellers, and cancellable subscriptions.","Food delivery late in the evening, subscriptions early in the month, and hardware a few times a year.",flexible,Rarely travels abroad.
CU1234,Jan Ferrari,Basel region,Trains at a gym before work and uses several fitness and nutrition apps.,Sports nutrition from known sellers and no automatic renewals into premium tiers.,Steady subscription spending and periodic sportswear purchases.,balanced,A family holiday in Germany once a year.
CU1235,Fabian Graf,Lugano region,Freelances for clients in the Netherlands and Italy and pays for most tools in foreign currency.,"Month-to-month software, clear invoices, and no bundled consulting services.","Software subscriptions, electronics, cafes, and occasional foreign-currency online services.",flexible,Several trips to the Netherlands and Italy each year.
CU1236,Sami Wyss,Lausanne region,Lives near the France border and does a large part of the weekly shopping across it.,Bulk groceries abroad and everyday top-ups at home.,"Regular EUR grocery and fuel purchases in France, plus ordinary CHF spending at home.",careful,"Travels abroad most months, mostly within Europe."
CU1237,Jan Bovet,Zug region,"Spends weekends hiking and climbing, with seasonal trips to Germany.","Technical gear from specialist retailers, sold in standard sizes with a return window.","Sports purchases, fuel, casual dining, and periodic EUR transactions in Germany.",balanced,A few European city trips each year.
CU1238,Leonie Huber,St. Gallen region,Goes to early-morning classes and tracks meals with a subscription app.,Sports nutrition from known sellers and no automatic renewals into premium tiers.,"Gym and app subscriptions, sports nutrition, physiotherapy, and groceries.",balanced,Occasional domestic trips only.
CU1239,Timo Perret,Lugano region,Avoids buying new where a repair or refill will do and cycles everywhere.,"Reusable, refurbished, or repairable items with transparent materials.","Modest, steady spending with a few refurbished purchases each year.",careful,Almost never leaves Switzerland.
CU1240,Levin Sutter,Neuchatel region,Works in a library and spends evenings at readings and concerts.,"Paperbacks over e-books, official ticket sellers, and clear cancellation terms.","Modest, regular spending on culture alongside everyday groceries.",balanced,A few European city trips each year.
CU1241,Aurelio Keller,Biel region,"Reads widely, goes to the theatre, and keeps a newspaper subscription.","Independent booksellers, standard tickets, and no resale platforms.","Modest, regular spending on culture alongside everyday groceries.",balanced,One European city trip a year.
CU1242,Rahel Bachmann,Fribourg region,Studies history and works evenings in a cafe to cover rent.,Books and learning tools with transparent prices; no automatic premium upgrades.,"Transport passes, streaming and learning plans, groceries, and cheap lunches.",careful,Rarely travels without the family.
CU1243,Luca Graf,Chur region,Prefers nearby physical shops and normally pays for everyday items in person.,Known local retailers and no marketplace sellers.,In-store groceries several times a week and the occasional lunch out.,careful,One or two short trips to Austria each year.
CU1244,Katja Schneider,Lugano region,Bought an old house near Lugano and renovates one room every few months.,"Simple repairable fittings, neutral colours, and click-and-collect when available.","Home-improvement stores, household purchases, transport, and occasional furniture deliveries.",planned_high_value,A family holiday in Italy once a year.
CU1245,Lea Horvat,Zurich region,Studies part-time while working and relies on several digital learning services.,"Cheap transport passes, secondhand textbooks, and monthly rather than annual plans.","Transport passes, streaming and learning plans, groceries, and cheap lunches.",careful,Almost never leaves Switzerland.
CU1246,Yara Nguyen,Lucerne region,Splits rent and shopping with six flatmates and keeps every receipt for the split.,Shared essentials in normal pack sizes and receipts that are easy to split.,Frequent small grocery and delivery payments and very few large ones.,careful,Occasional domestic trips only.
CU1247,Levin Lüthi,Lugano region,Is an engineer from Germany who still orders from familiar online shops abroad.,Services billed in GBP or USD where the home account still exists.,"Subscriptions in GBP and USD, regular flights to Germany, and ordinary Swiss groceries and dining.",flexible,Regular business travel in Germany and Italy.
CU1248,Adrian Rochat,Zurich region,Shares an apartment with two friends and manages a rotating household shopping list.,"Cheap household basics, no premium brands, and delivery only when the order is large.","Groceries and household goods from recurring local merchants, plus shared meal deliveries.",careful,One or two short trips to Germany each year.
CU1249,Noor Tanaka,Fribourg region,Runs a repair cafe volunteer group and buys mostly secondhand.,Local producers and long-lasting goods; no fast fashion.,"Modest, steady spending with a few refurbished purchases each year.",balanced,Almost never leaves Switzerland.
CU1250,Zoe Chen,Zurich region,Photographs landscapes in the Zurich area and buys a lens perhaps once a year.,Equipment compatible with the current camera body and nothing on instalments.,"Mostly modest daily spending interrupted by rare, planned high-value photography purchases.",planned_high_value,A few European city trips each year.
CU1251,Mateo Pereira,Bern region,"Juggles two small children and shops whenever they sleep, day or night.",Predictable grocery orders and no marketing add-ons.,"Groceries, nappies, and pharmacy items several times a week.",careful,Occasional domestic trips only.
CU1252,Chiara Blanc,Fribourg region,Relies on delivery apps for meals and household basics during the week.,"Fast delivery, saved addresses, and no membership programmes added at checkout.","Frequent small ecommerce and mobile-wallet payments, especially food delivery and groceries.",flexible,Several trips to France and the Netherlands each year.
CU1253,Yusuf Bernasconi,Zug region,"Is on parental leave and orders nappies, food, and pharmacy items for home delivery.",Predictable grocery orders and no marketing add-ons.,"Groceries, nappies, and pharmacy items several times a week.",careful,A family holiday in Germany once a year.
CU1254,Sofia Jensen,Bern region,Bought an old house near Bern and renovates one room every few months.,"Collection from the store rather than delivery, and no paid installation services.","Home-improvement stores, household purchases, transport, and occasional furniture deliveries.",planned_high_value,One or two short trips to Germany each year.
CU1255,Silvan Fischer,Thun region,Saves for months before each camera purchase and never finances equipment.,"Specialist photography retailers, no marketplace sellers, and a 14-day return window.","Mostly modest daily spending interrupted by rare, planned high-value photography purchases.",planned_high_value,Regular short trips to Germany.
CU1256,Leonie Haas,Geneva region,"Reads widely, goes to the theatre, and keeps a newspaper subscription.","Paperbacks over e-books, official ticket sellers, and clear cancellation terms.","Modest, regular spending on culture alongside everyday groceries.",balanced,One European city trip a year.
CU1257,Pascal El-Amin,Basel region,"Is on parental leave and orders nappies, food, and pharmacy items for home delivery.",Predictable grocery orders and no marketing add-ons.,"Groceries, nappies, and pharmacy items several times a week.",careful,A family holiday in Germany once a year.
CU1258,Mila Haas,Bern region,Runs and cycles throughout the year and replaces equipment only when needed.,Shoes in a known size from a specialist shop with a 30-day return window.,Frequent modest sports purchases with occasional higher-value shoes or cycling equipment.,balanced,Occasional domestic trips only.
CU1259,Hannah Colombo,Geneva region,Studies part-time while working and relies on several digital learning services.,Books and learning tools with transparent prices; no automatic premium upgrades.,"Transport passes, streaming and learning plans, groceries, and cheap lunches.",careful,One or two short trips to France each year.
CU1260,Simon Furrer,Winterthur region,Attends concerts and festivals in summer but spends little on entertainment during the rest of the year.,Standard admission from clear ticket sellers; no VIP or resale upgrades.,"Groceries and dining year-round, with entertainment spending concentrated in June to August.",flexible,A few European city trips each year.
CU1261,Clara Egli,St. Gallen region,Keeps an older dog on a veterinary diet and orders it from the same shop each month.,Exactly the same food formula every time; substitutions only after asking.,Steady household spending with a recurring pet-care order.,balanced,Almost never leaves Switzerland.
CU1262,Anna Zbinden,Lausanne region,Photographs landscapes in the Lausanne area and buys a lens perhaps once a year.,"Compatible camera equipment from specialist shops, with a return window and no financing.","Ordinary groceries and fuel, with one or two purchases above CHF 500 per year.",planned_high_value,One or two short trips to France each year.
CU1263,Livia Perret,Zurich region,Works long hours in Zurich and has groceries and dinner delivered most days.,"Reliable delivery estimates, saved food preferences, and no automatic membership enrolment.","Daily delivery orders, weekly groceries, and a few subscriptions.",flexible,Regular short trips to Germany.
CU1264,Andrea Frei,Geneva region,Runs joint groceries on a shared account and personal items on a separate card.,"Predictable grocery orders, clearly separated receipts, and household staples in normal quantities.","Groceries on the shared account, commuting and lunches on the personal card.",careful,One or two short trips to France each year.
CU1265,Mateo Bühler,Bern region,Keeps an older dog on a veterinary diet and orders it from the same shop each month.,"The usual pet-food formula, dependable delivery, and no unrequested supplement substitutions.","Recurring pet-care payments mixed with groceries, transport, health, and park-side cafes.",balanced,One European city trip a year.
CU1266,Mila Kaufmann,Lucerne region,Is a member of two book clubs and visits museums on weekends.,"Independent booksellers, standard tickets, and no resale platforms.","Books, tickets, dining, and ordinary groceries.",balanced,One or two short trips to Germany each year.
CU1267,David Stalder,Fribourg region,Works long hours in Fribourg and has groceries and dinner delivered most days.,"Reliable delivery estimates, saved food preferences, and no automatic membership enrolment.","Frequent small ecommerce and mobile-wallet payments, especially food delivery and groceries.",flexible,One or two short trips to France each year.
CU1268,Kevin Tanaka,Zurich region,Travels regularly for consulting work and separates travel spending from everyday purchases.,Hotels close to the client office and no non-refundable fares.,"Frequent rail, hotel, and restaurant payments in Switzerland, the Netherlands, and Germany.",flexible,Domestic travel only.
CU1269,Priya Mendes,Zurich region,Buys a festival pass every year and otherwise lives quietly.,Standard admission from clear ticket sellers; no VIP or resale upgrades.,"Summer bursts of tickets, hotels, and trains around events; ordinary spending otherwise.",flexible,Several trips to Germany and Austria each year.
CU1270,Selin Greco,Zurich region,Runs a small catering business and keeps business purchases on a separate credit card.,"Suppliers with net invoicing, no marketplace sellers, and simple expense tracking.","Weekly supplier purchases, monthly software, and occasional trade-fair travel.",flexible,Weekend trips within Switzerland and Germany.
CU1271,Omar Demir,Thun region,Keeps an older dog on a veterinary diet and orders it from the same shop each month.,"Repeat orders, clear delivery dates, and no add-on supplements.",Steady household spending with a recurring pet-care order.,balanced,Rarely travels without the family.
CU1272,Sofia Hofer,Basel region,Collects city breaks and books hotels a few weeks ahead.,"Refundable hotel rates, rail tickets, and no travel insurance add-ons.",Frequent travel-related purchases and dining in several currencies.,flexible,Frequent weekend trips to Germany.
CU1273,Aisha Baumann,Lausanne region,Travels regularly for consulting work and separates travel spending from everyday purchases.,Hotels close to the client office and no non-refundable fares.,"Weekly hotel nights, taxis and trains, and client dinners, mostly billed in EUR.",balanced,Regular business travel in France and France.
CU1274,Marco Costa,Zurich region,Likes to see products before buying and collects from the store when ordering online.,Known local retailers and no marketplace sellers.,In-store groceries several times a week and the occasional lunch out.,careful,Almost never leaves Switzerland.
CU1275,Milan Nguyen,Geneva region,Saves for months before each camera purchase and never finances equipment.,Equipment compatible with the current camera body and nothing on instalments.,"Mostly modest daily spending interrupted by rare, planned high-value photography purchases.",planned_high_value,A few European city trips each year.
CU1276,Sofia Andersson,Basel region,Is a member of two book clubs and visits museums on weekends.,Cultural events at standard prices and no premium seating.,"Modest, regular spending on culture alongside everyday groceries.",balanced,Occasional domestic trips only.
CU1277,Tomas Sato,Lugano region,Spends two or three days a week at client sites abroad and keeps a dedicated travel card.,Flexible hotel bookings near public transport and simple expense documentation.,"Hotels and restaurant bills abroad in EUR, plus ordinary groceries and transport at home.",flexible,Frequent client trips to Germany and Italy.
CU1278,Giulia Greco,Fribourg region,Collects city breaks and books hotels a few weeks ahead.,Booking directly with hotels and rail operators rather than resellers.,Frequent travel-related purchases and dining in several currencies.,flexible,"Frequent travel to France, Germany, and further afield."
CU1279,Levin Nair,Zurich region,Moved to Switzerland from the Netherlands for work and keeps several subscriptions from home.,Services billed in GBP or USD where the home account still exists.,Mixed-currency spending with frequent small foreign online payments.,balanced,Regular short trips to the Netherlands.
CU1280,Priya Baumann,Chur region,Owns a cafe in Chur and pays suppliers and software from a business account.,Predictable recurring business costs and no bundled consulting.,"Weekly supplier purchases, monthly software, and occasional trade-fair travel.",flexible,Occasional domestic trips only.
CU1281,Vera Okafor,Fribourg region,Drives to a park-and-ride each morning and takes the train into Fribourg.,Simple commuting costs and predictable weekly groceries.,"Transit passes, fuel, weekday lunches, and weekend groceries.",balanced,One or two short trips to France each year.
CU1282,Vera Diallo,Basel region,Retired teacher who shops at the same supermarket most mornings and reads a great deal.,"Nearby shops, printed receipts, and familiar pharmacies.","Morning grocery visits, pharmacy co-payments, lunches out, and books.",careful,One or two short trips to Germany each year.
CU1283,Clara Weber,Neuchatel region,Is gradually renovating an apartment and plans each room as a separate project.,"Simple repairable fittings, neutral colours, and click-and-collect when available.","Home-improvement stores, household purchases, transport, and occasional furniture deliveries.",planned_high_value,One or two short trips to France each year.
CU1284,Leon Roth,Zurich region,Runs a repair cafe volunteer group and buys mostly secondhand.,Local producers and long-lasting goods; no fast fashion.,"Groceries, repair services, second-life goods, public transport, and few impulse purchases.",careful,Rarely travels without the family.
CU1285,Leonie Vogel,Zurich region,"Juggles two small children and shops whenever they sleep, day or night.","Reliable next-day delivery, familiar brands, and no toys added to the basket.","Frequent grocery and baby-supply deliveries, pharmacy purchases, and little dining out.",balanced,Almost never leaves Switzerland.
CU1286,Emma El-Amin,Fribourg region,Is converting a flat with a fixed project budget per room and a separate credit card for it.,"Collection from the store rather than delivery, and no paid installation services.","Home-improvement stores, household purchases, transport, and occasional furniture deliveries.",planned_high_value,Rarely travels without the family.
CU1287,Omar Lindqvist,Lucerne region,Runs a small printing business and keeps business purchases on a separate credit card.,Predictable recurring business costs and no bundled consulting.,"Weekly supplier purchases, monthly software, and occasional trade-fair travel.",flexible,Several trips to Germany and Austria each year.
CU1288,Noah Moser,Winterthur region,Shares an apartment with two friends and manages a rotating household shopping list.,Familiar supermarkets and the same meal-delivery service every time.,"Groceries and household goods from recurring local merchants, plus shared meal deliveries.",careful,Several trips to Germany and France each year.
CU1289,Clara Keller,Zurich region,Works nights at a logistics hub and does most shopping in the early morning or late evening.,"Quick delivery, saved reorders, and no premium delivery upgrades.","Late-night meal orders, weekly groceries, and transport tickets at irregular times.",careful,Rarely travels abroad.
CU1290,Yusuf Kumar,Zurich region,Goes to early-morning classes and tracks meals with a subscription app.,"Monthly memberships that can be paused, and no annual upfront plans.",Steady subscription spending and periodic sportswear purchases.,balanced,Rarely travels abroad.
CU1291,Jakob Kumar,Zurich region,Coordinates purchases for children and an older relative as well as her own household.,"Separate receipts per household, familiar pharmacies, and predictable delivery days.","Groceries, family supplies, health purchases, and household orders across two cards.",careful,One or two short trips to Germany each year.
CU1292,Noah Ricci,Geneva region,Is a full-time student in Geneva with a small budget and a prepaid card for web shops.,"Cheap transport passes, secondhand textbooks, and monthly rather than annual plans.","Transport passes, streaming and learning plans, groceries, and cheap lunches.",careful,One European city trip a year.
CU1293,Thomas Mendes,Lucerne region,Grows vegetables on an allotment and fixes things rather than replacing them.,"Hardware stores with collection, seeds and tools in season, and durable equipment.","Weekend hardware and garden purchases, groceries, and fuel.",balanced,Occasional domestic trips only.
CU1294,Yara Wyss,Lugano region,Owns a cafe in Lugano and pays suppliers and software from a business account.,Predictable recurring business costs and no bundled consulting.,"Weekly supplier purchases, monthly software, and occasional trade-fair travel.",flexible,"Travels abroad most weeks for work, mostly within Europe."
CU1295,Mei Ricci,Geneva region,Has two cats and a standing order for their usual food every four weeks.,Exactly the same food formula every time; substitutions only after asking.,Steady household spending with a recurring pet-care order.,balanced,Rarely travels abroad.
CU1296,Zoe Haas,Bern region,Works nights at a logistics hub and does most shopping in the early morning or late evening.,Meals that arrive quickly at odd hours and pharmacies that are open late.,Small frequent purchases spread across the whole day and night.,careful,One European city trip a year.
CU1297,Timo Kumar,Thun region,Plays in an amateur basketball league and buys kit at the start of each season.,Specialist retailers over marketplaces and no extended-warranty add-ons.,"Groceries, physiotherapy, and a few larger equipment purchases each year.",balanced,Occasional domestic trips only.
CU1298,Aline Greco,Fribourg region,Commutes daily by train between Fribourg and the office and buys lunch near work.,"Monthly transit passes, quick lunches, and nothing that needs a signature.","Morning coffee and lunch on the phone wallet, groceries on Saturdays.",balanced,One European city trip a year.
CU1299,Thomas Brunner,Winterthur region,Trains at a gym before work and uses several fitness and nutrition apps.,"Monthly memberships that can be paused, and no annual upfront plans.","Gym and app subscriptions, sports nutrition, physiotherapy, and groceries.",balanced,Regular short trips to Germany.
CU1300,Lina Bernasconi,Lugano region,Organises meals and supplies for four people and buys most things in one weekly order.,"Practical groceries, children's essentials, and durable household products; avoids gift vouchers.","Weekly groceries, school supplies, and a family restaurant visit now and then, almost always before 20:00.",careful,Several trips to Italy and the Netherlands each year.
CU1301,Selin Marti,Zug region,Is gradually renovating an apartment and plans each room as a separate project.,Materials from two trusted hardware stores and clear invoices for the project file.,Weekly groceries plus periodic larger purchases of materials on the renovation card.,planned_high_value,A family holiday in Germany once a year.
CU1302,Chiara Moser,Basel region,Runs a repair cafe volunteer group and buys mostly secondhand.,"Reusable, refurbished, or repairable items with transparent materials.","Groceries, repair services, second-life goods, public transport, and few impulse purchases.",careful,One or two short trips to Germany each year.
CU1303,Nils Fischer,Chur region,Works for an international company in Chur and flies home to Germany regularly.,"Known international brands, flights booked directly, and no currency-conversion surprises.",Mixed-currency spending with frequent small foreign online payments.,flexible,Several trips to Germany and Austria each year.
CU1304,Nina Rossi,Geneva region,Rarely carries a physical card and shops for clothes online and in France.,"Fast checkout, saved sizes, and familiar fashion brands.","Wallet taps for groceries and dining, plus clothing orders and short trips to France.",balanced,"Frequent travel to France, Italy, and further afield."
CU1305,Levin Schmid,Lugano region,"Is a nurse on a rotating roster, so ordinary purchases happen at any hour of the day.","Quick delivery, saved reorders, and no premium delivery upgrades.","Groceries, meal delivery, transport, and pharmacy purchases, including legitimate late-night activity.",careful,Occasional domestic trips only.
CU1306,Sami Weber,Bern region,Works for an international company in Bern and flies home to Germany regularly.,Services billed in GBP or USD where the home account still exists.,"Subscriptions in GBP and USD, regular flights to Germany, and ordinary Swiss groceries and dining.",balanced,Weekend trips within Switzerland and Germany.
CU1307,Naomi Kaufmann,Zurich region,Trains at a gym before work and uses several fitness and nutrition apps.,Sports nutrition from known sellers and no automatic renewals into premium tiers.,Steady subscription spending and periodic sportswear purchases.,balanced,Weekend trips within Switzerland and Germany.
CU1308,Raphael Zbinden,Neuchatel region,Goes to early-morning classes and tracks meals with a subscription app.,"Monthly memberships that can be paused, and no annual upfront plans.",Early-morning purchases near the gym and monthly subscription charges.,balanced,A family holiday in France once a year.
CU1309,Silvan Berger,St. Gallen region,Splits rent and shopping with five flatmates and keeps every receipt for the split.,Familiar supermarkets and the same meal-delivery service every time.,"Weekly shared groceries, occasional takeaway, and transport tickets.",careful,One or two short trips to Austria each year.
CU1310,Cedric Brunner,Basel region,"Recently retired and spends more time cooking, walking, and visiting museums.","Clear prices, in-store purchases, and books from a local bookseller.","Morning grocery visits, pharmacy co-payments, lunches out, and books.",balanced,One European city trip a year.
CU1311,Jakob Egli,Basel region,Moved to Switzerland from the Netherlands for work and keeps several subscriptions from home.,"Known international brands, flights booked directly, and no currency-conversion surprises.",Mixed-currency spending with frequent small foreign online payments.,flexible,A few European city trips each year.
CU1312,Priya Favre,Geneva region,"Recently retired and spends more time cooking, walking, and visiting museums.","Nearby shops, printed receipts, and familiar pharmacies.","Small daily in-store purchases, a newspaper subscription, and occasional short hotel stays.",balanced,A family holiday in France once a year.
CU1313,Emma Baumann,Lausanne region,Spends evenings gaming and keeps several streaming and game subscriptions.,"Digital purchases from official stores, no marketplace resellers, and cancellable subscriptions.","Evening online orders, several subscriptions, and occasional hardware purchases.",flexible,One or two short trips to France each year.
CU1314,Sara Lehmann,Geneva region,Lives in a shared flat in Geneva where the grocery run rotates weekly between flatmates.,"Cheap household basics, no premium brands, and delivery only when the order is large.","Groceries and household goods from recurring local merchants, plus shared meal deliveries.",careful,Occasional domestic trips only.
CU1315,Roman Moser,Basel region,Has lived in the same village near Basel for decades and rarely shops online.,Shops within walking distance and cash or card at the counter.,Predictable daytime purchases at a small set of local shops.,careful,Occasional domestic trips only.
CU1316,Greta Novak,Bern region,Lives near the Germany border and does a large part of the weekly shopping across it.,EUR purchases at familiar border shops and CHF purchases at home.,A mix of CHF and EUR purchases every week.,careful,A few European city trips each year.
CU1317,Gabriel Blanc,Lugano region,Works rotating hospital shifts and often buys meals and essentials outside standard office hours.,"Quick delivery, saved reorders, and no premium delivery upgrades.","Groceries, meal delivery, transport, and pharmacy purchases, including legitimate late-night activity.",careful,One European city trip a year.
CU1318,Chiara Bianchi,Lugano region,"Recently retired and spends more time cooking, walking, and visiting museums.",The same local shops for decades and no online marketplaces.,"Morning grocery visits, pharmacy co-payments, lunches out, and books.",careful,Occasional domestic trips only.
CU1319,Selin El-Amin,Lugano region,Owns a cafe in Lugano and pays suppliers and software from a business account.,"Clear invoices, business software billed monthly, and team meals at familiar restaurants.","Team meals, software plans, supplies, and fuel on the business card, groceries on the personal one.",balanced,"Travels abroad most weeks for work, mostly within Europe."
CU1320,Oliver Weber,Fribourg region,Works rotating hospital shifts and often buys meals and essentials outside standard office hours.,Meals that arrive quickly at odd hours and pharmacies that are open late.,"Groceries, meal delivery, transport, and pharmacy purchases, including legitimate late-night activity.",careful,One European city trip a year.
CU1321,Yara Furrer,Lucerne region,Compares prices for weeks before buying electronics and keeps a prepaid card for web shops.,"Known electronics sellers, clear warranty terms, and no marketplace add-ons.","Predictable in-store spending and rare, well-researched online orders.",careful,A family holiday in Germany once a year.
CU1322,Tessa Bianchi,Bern region,Has a baby and a toddler and orders most supplies online at odd hours.,"Reliable next-day delivery, familiar brands, and no toys added to the basket.","Online orders at all hours, mostly below CHF 100, and occasional larger children's purchases.",careful,Occasional domestic trips only.
CU1323,Naomi Sato,Zurich region,Spends evenings gaming and keeps several streaming and game subscriptions.,"Digital purchases from official stores, no marketplace resellers, and cancellable subscriptions.",Mostly online spending after 18:00 and little in-store activity.,balanced,One European city trip a year.
CU1324,Noah Girard,Basel region,Lives near the Germany border and does a large part of the weekly shopping across it.,Bulk groceries abroad and everyday top-ups at home.,"Regular EUR grocery and fuel purchases in Germany, plus ordinary CHF spending at home.",careful,"Frequent travel to Germany, France, and further afield."
CU1325,Amina Bachmann,Bern region,Has a baby and a toddler and orders most supplies online at odd hours.,"Repeat orders of the same baby products, pharmacy items, and clearly sized children's clothing.","Online orders at all hours, mostly below CHF 100, and occasional larger children's purchases.",balanced,Rarely travels without the family.
CU1326,Chiara Roth,Zug region,Works in Switzerland but shops for groceries in Germany where prices are lower.,"Supermarkets just across the border, paid in EUR, and fuel on the same trip.",Fortnightly border shopping trips and small local purchases in between.,careful,A few European city trips each year.
CU1327,Dario Dubois,Lugano region,Plans household purchases for a family of five and normally shops once a week.,"Bulk staples in normal pack sizes, reliable delivery slots, and nothing that looks like a gift card.","Weekly groceries, school supplies, and a family restaurant visit now and then, almost always before 20:00.",careful,Weekend trips within Switzerland and Italy.
CU1328,Elena Jensen,Thun region,Keeps a large garden and does most repairs at home at weekends.,Repairs before replacements and no delivery fees for bulky items.,"Weekend hardware and garden purchases, groceries, and fuel.",balanced,Rarely travels abroad.
CU1329,Hannah Graf,Sion region,Follows a few bands around France and Switzerland every summer.,Tickets from the venue's own seller and refundable travel where possible.,"Summer bursts of tickets, hotels, and trains around events; ordinary spending otherwise.",flexible,Regular short trips to France.
CU1330,Nina Novak,Lugano region,Pays almost everything by phone and visits family in Italy most months.,"Fast checkout, saved sizes, and familiar fashion brands.",Many small wallet payments and periodic clothing orders.,balanced,Weekend trips within Switzerland and Italy.
CU1331,Alex Mendes,Lugano region,Shares a household card with a partner and keeps a personal card for everything else.,"Household staples on the shared card only, personal purchases elsewhere.","Frequent groceries and transport on one card, with shared household purchases on another account.",careful,A few European city trips each year.
CU1332,Timo Frei,Neuchatel region,Is a member of two book clubs and visits museums on weekends.,"Paperbacks over e-books, official ticket sellers, and clear cancellation terms.","Modest, regular spending on culture alongside everyday groceries.",balanced,Several trips to France and Austria each year.
CU1333,Livia Novak,Zurich region,Is converting a flat with a fixed project budget per room and a separate credit card for it.,"Collection from the store rather than delivery, and no paid installation services.","Home-improvement stores, household purchases, transport, and occasional furniture deliveries.",balanced,A family holiday in Germany once a year.
CU1334,Lina Diallo,Lucerne region,Builds gaming PCs as a hobby and orders components from a few online sellers.,"Digital purchases from official stores, no marketplace resellers, and cancellable subscriptions.",Mostly online spending after 18:00 and little in-store activity.,flexible,One European city trip a year.
CU1335,Kilian Brunner,Fribourg region,Is an engineer from Germany who still orders from familiar online shops abroad.,"Familiar online services from home, refundable flights, and English-language sellers.","Subscriptions in GBP and USD, regular flights to Germany, and ordinary Swiss groceries and dining.",balanced,Several trips to Germany and France each year.
CU1336,Amina Yilmaz,Bern region,"Recently retired and spends more time cooking, walking, and visiting museums.",The same local shops for decades and no online marketplaces.,Steady daytime spending at a handful of familiar merchants.,careful,One European city trip a year.
CU1337,Valentina Bachmann,Fribourg region,Balances a busy schedule with frequent grocery and prepared-meal deliveries.,"Fast delivery, saved addresses, and no membership programmes added at checkout.","Daily delivery orders, weekly groceries, and a few subscriptions.",flexible,A family holiday in France once a year.
CU1338,Valentina Jensen,Lucerne region,Collects city breaks and books hotels a few weeks ahead.,"Refundable hotel rates, rail tickets, and no travel insurance add-ons.",Bursts of EUR spending on trip weekends and normal CHF spending otherwise.,flexible,Frequent weekend trips to Germany.
CU1339,Florian Bernasconi,Basel region,Prefers nearby physical shops and normally pays for everyday items in person.,Shops within walking distance and cash or card at the counter.,Predictable daytime purchases at a small set of local shops.,careful,Almost never leaves Switzerland.
CU1340,Priya Rossi,Fribourg region,Works independently as a designer and uses a separate card for business tools and travel.,"Tools billed to the business card, personal items to the other, never mixed.","Digital tools and subscriptions, plus ordinary groceries and dining.",flexible,"Travels abroad most weeks for work, mostly within Europe."
CU1341,Milan Kumar,Zurich region,Plans household purchases for a family of six and normally shops once a week.,"Familiar supermarkets, clearly labelled children's sizes, and no impulse extras.","Regular supermarket visits, public transport, and occasional family meals, mostly during daytime.",careful,Several trips to Germany and Austria each year.
CU1342,Yusuf Colombo,Chur region,Photographs landscapes in the Chur area and buys a lens perhaps once a year.,Equipment compatible with the current camera body and nothing on instalments.,Small everyday payments and rare planned equipment purchases.,planned_high_value,One or two short trips to Austria each year.
CU1343,Aline Novak,St. Gallen region,Works long hours in St. Gallen and has groceries and dinner delivered most days.,"Fast delivery, saved addresses, and no membership programmes added at checkout.","Daily delivery orders, weekly groceries, and a few subscriptions.",flexible,Regular short trips to Austria.
CU1344,Clara Blanc,St. Gallen region,Plays in an amateur floorball league and buys kit at the start of each season.,Shoes in a known size from a specialist shop with a 30-day return window.,Frequent modest sports purchases with occasional higher-value shoes or cycling equipment.,balanced,One European city trip a year.
CU1345,Anna Baumann,Fribourg region,Works nights at a logistics hub and does most shopping in the early morning or late evening.,Fast grocery delivery and practical meals after late shifts; avoids energy drinks.,"Groceries, meal delivery, transport, and pharmacy purchases, including legitimate late-night activity.",careful,Domestic travel only.
CU1346,Priya Kaufmann,Geneva region,Uses a phone wallet for most everyday purchases and keeps a separate travel card.,"Fast checkout, saved sizes, and familiar fashion brands.","High mobile-wallet usage for clothing, dining, groceries, and cross-border trips.",flexible,Weekend trips within Switzerland and France.
CU1347,Selin Schneider,Lugano region,Balances a busy schedule with frequent grocery and prepared-meal deliveries.,Quick reorders of the usual items and no premium delivery tiers.,"Daily delivery orders, weekly groceries, and a few subscriptions.",flexible,Rarely travels without the family.
CU1348,Jonas Costa,Lucerne region,Runs a repair cafe volunteer group and buys mostly secondhand.,"Reusable, refurbished, or repairable items with transparent materials.","Groceries, repair services, second-life goods, public transport, and few impulse purchases.",balanced,A family holiday in Germany once a year.
CU1349,Katja Ricci,Lausanne region,Runs and ski-tours most weekends and drives to trailheads in France in spring and autumn.,"Technical gear from specialist retailers, sold in standard sizes with a return window.","Groceries and fuel during the week, with gear and hut meals in France on trips.",balanced,A few European city trips each year.
CU1350,Hannah Blanc,Geneva region,Builds gaming PCs as a hobby and orders components from a few online sellers.,Components with a clear warranty and delivery tracking.,"Food delivery late in the evening, subscriptions early in the month, and hardware a few times a year.",balanced,One or two short trips to France each year.
CU1351,Levin Dubois,Neuchatel region,Grows vegetables on an allotment and fixes things rather than replacing them.,Repairs before replacements and no delivery fees for bulky items.,"Weekend hardware and garden purchases, groceries, and fuel.",careful,Almost never leaves Switzerland.
CU1352,Sofia Gerber,Zurich region,Spends two or three days a week at client sites abroad and keeps a dedicated travel card.,Flexible hotel bookings near public transport and simple expense documentation.,"Weekly hotel nights, taxis and trains, and client dinners, mostly billed in EUR.",flexible,Frequent client trips to France and Germany.
CU1353,Helena Haddad,Lausanne region,Is converting a flat with a fixed project budget per room and a separate credit card for it.,Materials from two trusted hardware stores and clear invoices for the project file.,"Home-improvement stores, household purchases, transport, and occasional furniture deliveries.",balanced,One or two short trips to France each year.
CU1354,Matthias Rochat,Zurich region,Saves for months before each camera purchase and never finances equipment.,"Compatible camera equipment from specialist shops, with a return window and no financing.","Ordinary groceries and fuel, with one or two purchases above CHF 500 per year.",planned_high_value,A few European city trips each year.
CU1355,Maya Hofer,Thun region,Is an engineer from France who still orders from familiar online shops abroad.,Services billed in GBP or USD where the home account still exists.,"Subscriptions in GBP and USD, regular flights to France, and ordinary Swiss groceries and dining.",balanced,"Travels abroad most weeks for work, mostly within Europe."
CU1356,Elif Chen,St. Gallen region,Lives near the Austria border and does a large part of the weekly shopping across it.,Bulk groceries abroad and everyday top-ups at home.,"Regular EUR grocery and fuel purchases in Austria, plus ordinary CHF spending at home.",careful,"Frequent travel to Austria, Germany, and further afield."
CU1357,Gabriel Hofer,Zurich region,Collects city breaks and books hotels a few weeks ahead.,Booking directly with hotels and rail operators rather than resellers.,"Monthly hotel and rail bookings, restaurants abroad, and ordinary groceries at home.",flexible,Several trips to Germany and Austria each year.
CU1358,Sophie Egli,Bellinzona region,Works in sales across the United Kingdom and Italy and books most trips at short notice.,Flexible hotel bookings near public transport and simple expense documentation.,"Hotels and restaurant bills abroad in EUR, plus ordinary groceries and transport at home.",flexible,Regular short trips to the United Kingdom.
CU1359,Simon Graf,St. Gallen region,Lives in a shared flat in St. Gallen where the grocery run rotates weekly between flatmates.,Shared essentials in normal pack sizes and receipts that are easy to split.,"Weekly shared groceries, occasional takeaway, and transport tickets.",careful,Occasional domestic trips only.
CU1360,Giulia Aebi,Winterthur region,Rarely carries a physical card and shops for clothes online and in Germany.,"Fast checkout, saved sizes, and familiar fashion brands.","High mobile-wallet usage for clothing, dining, groceries, and cross-border trips.",flexible,Regular short trips to Germany.
CU1361,Camille Diallo,Lugano region,Pays almost everything by phone and visits family in Italy most months.,"Fast checkout, saved sizes, and familiar fashion brands.","Wallet taps for groceries and dining, plus clothing orders and short trips to Italy.",flexible,Frequent weekend trips to Italy.
CU1362,Sara Rossi,Bern region,Runs and ski-tours most weekends and drives to trailheads in Germany in spring and autumn.,"Technical gear from specialist retailers, sold in standard sizes with a return window.","Fuel and mountain restaurants at weekends, plus occasional larger equipment purchases.",balanced,A few European city trips each year.
CU1363,Amina Kumar,Lausanne region,Manages two households' groceries and pharmacy runs on separate cards.,"Separate receipts per household, familiar pharmacies, and predictable delivery days.",Steady mid-sized grocery and health spending with few large purchases.,careful,A family holiday in France once a year.
CU1364,Naomi Colombo,Zurich region,Likes to see products before buying and collects from the store when ordering online.,Known local retailers and no marketplace sellers.,Predictable daytime purchases at a small set of local shops.,careful,Rarely travels abroad.
CU1365,Yara Bernasconi,Bern region,Splits rent and shopping with two flatmates and keeps every receipt for the split.,"Cheap household basics, no premium brands, and delivery only when the order is large.","Weekly shared groceries, occasional takeaway, and transport tickets.",careful,A family holiday in Germany once a year.
CU1366,Roman Diallo,Geneva region,"Is a nurse on a rotating roster, so ordinary purchases happen at any hour of the day.","Quick delivery, saved reorders, and no premium delivery upgrades.","Groceries, meal delivery, transport, and pharmacy purchases, including legitimate late-night activity.",careful,Occasional domestic trips only.
CU1367,Nina Gerber,Zurich region,Recently moved within Switzerland and is still establishing new local shopping routines.,"Furniture and basics for the new flat, delivered on a fixed date.","Household setup purchases, groceries from several different supermarkets, and transport.",balanced,Regular short trips to Germany.
CU1368,Andrea Gerber,Bellinzona region,Travels regularly for consulting work and separates travel spending from everyday purchases.,"Refundable rates, rail over air where practical, and receipts that are easy to file.","Hotels and restaurant bills abroad in EUR, plus ordinary groceries and transport at home.",balanced,"Travels abroad most weeks for work, mostly within Europe."
CU1369,Nils Martin,Zurich region,Attends concerts and festivals in summer but spends little on entertainment during the rest of the year.,Standard admission from clear ticket sellers; no VIP or resale upgrades.,"Seasonal clusters of event purchases alongside normal groceries, transport, and dining.",flexible,Weekend trips within Switzerland and Germany.
CU1370,Raphael Ricci,St. Gallen region,Keeps an older dog on a veterinary diet and orders it from the same shop each month.,"Repeat orders, clear delivery dates, and no add-on supplements.",Monthly pet food and vet supplies plus ordinary groceries and dining.,balanced,A family holiday in Austria once a year.
CU1371,Valentina Mendes,Geneva region,Prefers nearby physical shops and normally pays for everyday items in person.,Known local retailers and no marketplace sellers.,"Daytime in-store groceries, transport, clothing, and occasional restaurant purchases.",careful,A family holiday in France once a year.
CU1372,Elif Steiner,Basel region,Is retired and does the shopping on foot in the mornings.,The same local shops for decades and no online marketplaces.,"Small daily in-store purchases, a newspaper subscription, and occasional short hotel stays.",balanced,One European city trip a year.
CU1373,Yara Kumar,Geneva region,Spends many weekends in France and the United States and prefers refundable bookings.,Booking directly with hotels and rail operators rather than resellers.,"Monthly hotel and rail bookings, restaurants abroad, and ordinary groceries at home.",flexible,Regular short trips to France and Austria.
CU1374,Priya Morel,Lausanne region,Spends many weekends in France and Germany and prefers refundable bookings.,"Refundable hotel rates, rail tickets, and no travel insurance add-ons.","Monthly hotel and rail bookings, restaurants abroad, and ordinary groceries at home.",flexible,"Travels abroad most months, mostly within Europe."
CU1375,Silvan Schmid,Thun region,Grows vegetables on an allotment and fixes things rather than replacing them.,"Hardware stores with collection, seeds and tools in season, and durable equipment.",In-store purchases on Saturdays and few online orders.,balanced,One or two short trips to Germany each year.
CU1376,Elias Egli,Chur region,Relies on delivery apps for meals and household basics during the week.,Quick reorders of the usual items and no premium delivery tiers.,Many small online payments in the evening and few in-store purchases.,flexible,Weekend trips within Switzerland and Austria.
CU1377,Fabian Bernasconi,Zurich region,Organises meals and supplies for four people and buys most things in one weekly order.,"Familiar supermarkets, clearly labelled children's sizes, and no impulse extras.","Frequent grocery orders, pharmacy items, and children's clothing, with little evening activity.",careful,Weekend trips within Switzerland and Germany.
CU1378,Tomas Martin,Lugano region,Goes to early-morning classes and tracks meals with a subscription app.,Sports nutrition from known sellers and no automatic renewals into premium tiers.,Steady subscription spending and periodic sportswear purchases.,balanced,One European city trip a year.
CU1379,Dario Meier,Geneva region,Has two cats and a standing order for their usual food every four weeks.,Exactly the same food formula every time; substitutions only after asking.,Steady household spending with a recurring pet-care order.,balanced,Rarely travels without the family.
CU1380,Aline Sato,St. Gallen region,Bought an old house near St. Gallen and renovates one room every few months.,"Simple repairable fittings, neutral colours, and click-and-collect when available.","Home-improvement stores, household purchases, transport, and occasional furniture deliveries.",balanced,One European city trip a year.
CU1381,Jonas Huber,Lugano region,Keeps personal daily spending separate from a shared household account.,Weekly grocery orders of similar size and no gift cards on the shared account.,"Frequent groceries and transport on one card, with shared household purchases on another account.",careful,Weekend trips within Switzerland and Italy.
CU1382,Elias Diallo,Zurich region,Lives on a fixed income and plans purchases weeks ahead.,"Own-brand groceries, no subscriptions that auto-renew, and no delivery fees.","Weekly groceries, a transit pass, and rare clothing purchases.",careful,Almost never leaves Switzerland.
CU1383,Daniel Aebi,Lugano region,Spends evenings gaming and keeps several streaming and game subscriptions.,"Digital purchases from official stores, no marketplace resellers, and cancellable subscriptions.","Evening online orders, several subscriptions, and occasional hardware purchases.",balanced,One or two short trips to Italy each year.
CU1384,Aurelio Bühler,Lucerne region,Compares prices for weeks before buying electronics and keeps a prepaid card for web shops.,"Known electronics sellers, clear warranty terms, and no marketplace add-ons.","Few online purchases, repeated familiar merchants, and mostly local in-store daily spending.",careful,Rarely travels without the family.
CU1385,Lea Hess,Geneva region,Works independently as a designer and uses a separate card for business tools and travel.,"Tools billed to the business card, personal items to the other, never mixed.","Software subscriptions, electronics, cafes, and occasional foreign-currency online services.",flexible,"Travels abroad most weeks for work, mostly within Europe."
CU1386,Priya Öztürk,Sion region,Plays in an amateur floorball league and buys kit at the start of each season.,Specialist retailers over marketplaces and no extended-warranty add-ons.,"Groceries, physiotherapy, and a few larger equipment purchases each year.",balanced,Weekend trips within Switzerland and France.
CU1387,Elif Kunz,Lucerne region,Manages two households' groceries and pharmacy runs on separate cards.,Repeat orders of the same products and no substitutions without asking.,"Two grocery deliveries a week, pharmacy co-payments, and children's clothing.",careful,Occasional domestic trips only.
CU1388,Naomi Berger,St. Gallen region,Has lived in the same village near St. Gallen for decades and rarely shops online.,Shops within walking distance and cash or card at the counter.,In-store groceries several times a week and the occasional lunch out.,careful,Occasional domestic trips only.
CU1389,Melis Chen,Fribourg region,Works in a library and spends evenings at readings and concerts.,Cultural events at standard prices and no premium seating.,"Modest, regular spending on culture alongside everyday groceries.",balanced,One European city trip a year.
CU1390,Kevin Keller,Winterthur region,Shares a household card with a partner and keeps a personal card for everything else.,"Predictable grocery orders, clearly separated receipts, and household staples in normal quantities.","Frequent groceries and transport on one card, with shared household purchases on another account.",careful,Regular short trips to Germany.
CU1391,Dario Kunz,St. Gallen region,Is an engineer from the United States who still orders from familiar online shops abroad.,"Known international brands, flights booked directly, and no currency-conversion surprises.",Foreign online purchases most weeks and trips home every couple of months.,flexible,A few European city trips each year.
CU1392,Dario Petrov,Lausanne region,Has a long commute and a monthly transit pass that renews automatically.,"Monthly transit passes, quick lunches, and nothing that needs a signature.",Small weekday purchases near the station and one weekly shop.,balanced,Several trips to France and the Netherlands each year.
CU1393,Emma Haas,Basel region,Has lived in the same village near Basel for decades and rarely shops online.,Shops within walking distance and cash or card at the counter.,In-store groceries several times a week and the occasional lunch out.,careful,One or two short trips to Germany each year.
CU1394,Lea Kumar,Biel region,Moved to Switzerland from the United States for work and keeps several subscriptions from home.,Services billed in GBP or USD where the home account still exists.,Foreign online purchases most weeks and trips home every couple of months.,balanced,Regular short trips to the United States.
CU1395,Nora Costa,Lugano region,Works in sales across the United Kingdom and Italy and books most trips at short notice.,"Refundable rates, rail over air where practical, and receipts that are easy to file.","Weekly hotel nights, taxis and trains, and client dinners, mostly billed in EUR.",balanced,Regular business travel in the United Kingdom and Italy.
CU1396,Matthias Arnold,Zug region,Organises meals and supplies for five people and buys most things in one weekly order.,"Practical groceries, children's essentials, and durable household products; avoids gift vouchers.","Regular supermarket visits, public transport, and occasional family meals, mostly during daytime.",balanced,Rarely travels abroad.
CU1397,Florian Greco,Biel region,Collects city breaks and books hotels a few weeks ahead.,"Hotels near the station, standard rooms, and cancellation until the day before.",Bursts of EUR spending on trip weekends and normal CHF spending otherwise.,flexible,"Frequent travel to France, Germany, and further afield."
CU1398,Paula Dubois,Geneva region,Likes to see products before buying and collects from the store when ordering online.,"Local products, simple receipts, and collection from a store rather than delivery.",In-store groceries several times a week and the occasional lunch out.,careful,Rarely travels without the family.
CU1399,Oliver Chen,St. Gallen region,Is an engineer from the United States who still orders from familiar online shops abroad.,Services billed in GBP or USD where the home account still exists.,"Subscriptions in GBP and USD, regular flights to the United States, and ordinary Swiss groceries and dining.",flexible,A few European city trips each year.
CU1400,Kilian Steiner,Bern region,Runs joint groceries on a shared account and personal items on a separate card.,Weekly grocery orders of similar size and no gift cards on the shared account.,"Groceries on the shared account, commuting and lunches on the personal card.",careful,A few European city trips each year.
CU1401,Levin Öztürk,Neuchatel region,Follows a training plan from an app and orders supplements monthly.,Clear membership terms and standard gym rates.,Early-morning purchases near the gym and monthly subscription charges.,balanced,One European city trip a year.
CU1402,Jakob Ricci,Zurich region,Buys a festival pass every year and otherwise lives quietly.,Standard admission from clear ticket sellers; no VIP or resale upgrades.,"Groceries and dining year-round, with entertainment spending concentrated in June to August.",flexible,Regular short trips to Germany.
CU1403,Hannah Bernasconi,Winterthur region,Has lived in the same village near Winterthur for decades and rarely shops online.,Known local retailers and no marketplace sellers.,Predictable daytime purchases at a small set of local shops.,careful,Rarely travels abroad.
CU1404,Milan Ricci,Zurich region,Goes to early-morning classes and tracks meals with a subscription app.,Sports nutrition from known sellers and no automatic renewals into premium tiers.,Steady subscription spending and periodic sportswear purchases.,balanced,One European city trip a year.
CU1405,Chiara Lüthi,Zurich region,Streams games in the evening and orders dinner online most nights.,"Digital purchases from official stores, no marketplace resellers, and cancellable subscriptions.","Food delivery late in the evening, subscriptions early in the month, and hardware a few times a year.",flexible,Occasional domestic trips only.
CU1406,Ida Weber,Lucerne region,Relies on delivery apps for meals and household basics during the week.,"Reliable delivery estimates, saved food preferences, and no automatic membership enrolment.","Frequent small ecommerce and mobile-wallet payments, especially food delivery and groceries.",flexible,Weekend trips within Switzerland and Germany.
CU1407,Maya Girard,Basel region,Uses a phone wallet for most everyday purchases and keeps a separate travel card.,"Contactless everywhere, clothing with a 30-day return window, and no resale sellers.","High mobile-wallet usage for clothing, dining, groceries, and cross-border trips.",flexible,One or two short trips to Germany each year.
CU1408,Rahel Girard,Basel region,Is a full-time student in Basel with a small budget and a prepaid card for web shops.,"Cheap transport passes, secondhand textbooks, and monthly rather than annual plans.",Many small purchases below CHF 30 and very few above CHF 150.,careful,Occasional domestic trips only.
CU1409,Emma Brunner,Lugano region,Keeps a large garden and does most repairs at home at weekends.,"Hardware stores with collection, seeds and tools in season, and durable equipment.","Weekend hardware and garden purchases, groceries, and fuel.",balanced,One or two short trips to Italy each year.
CU1410,Timo Horvat,Lucerne region,Studies architecture and works evenings in a cafe to cover rent.,"Student discounts, no bundled extras, and clear cancellation terms.","Transport passes, streaming and learning plans, groceries, and cheap lunches.",careful,Rarely travels without the family.
CU1411,Nils Kunz,Zurich region,Works long hours in Zurich and has groceries and dinner delivered most days.,Quick reorders of the usual items and no premium delivery tiers.,Many small online payments in the evening and few in-store purchases.,flexible,A few European city trips each year.
CU1412,Emma Arnold,Winterthur region,Plays in an amateur volleyball league and buys kit at the start of each season.,Shoes in a known size from a specialist shop with a 30-day return window.,Frequent modest sports purchases with occasional higher-value shoes or cycling equipment.,balanced,Weekend trips within Switzerland and Germany.
CU1413,Julia Haas,Neuchatel region,Is retired and does the shopping on foot in the mornings.,The same local shops for decades and no online marketplaces.,"Morning grocery visits, pharmacy co-payments, lunches out, and books.",careful,One or two short trips to France each year.
CU1414,Nora Kaufmann,St. Gallen region,Bought an old house near St. Gallen and renovates one room every few months.,"Collection from the store rather than delivery, and no paid installation services.","Home-improvement stores, household purchases, transport, and occasional furniture deliveries.",planned_high_value,Almost never leaves Switzerland.
CU1415,Hannah Chen,Zurich region,Runs and ski-tours most weekends and drives to trailheads in Germany in spring and autumn.,"Technical gear from specialist retailers, sold in standard sizes with a return window.","Sports purchases, fuel, casual dining, and periodic EUR transactions in Germany.",balanced,Several trips to Germany and Austria each year.
CU1416,Pascal Petrov,Lausanne region,Is an engineer from Germany who still orders from familiar online shops abroad.,"Familiar online services from home, refundable flights, and English-language sellers.",Foreign online purchases most weeks and trips home every couple of months.,balanced,Weekend trips within Switzerland and Germany.
CU1417,Maya Öztürk,Zurich region,Prefers nearby physical shops and normally pays for everyday items in person.,Known local retailers and no marketplace sellers.,Predictable daytime purchases at a small set of local shops.,careful,Rarely travels abroad.
CU1418,Ines Kumar,Basel region,Organises meals and supplies for five people and buys most things in one weekly order.,"Practical groceries, children's essentials, and durable household products; avoids gift vouchers.","Frequent grocery orders, pharmacy items, and children's clothing, with little evening activity.",careful,Occasional domestic trips only.
CU1419,Adrian Keller,Basel region,Has a long commute and a monthly transit pass that renews automatically.,Simple commuting costs and predictable weekly groceries.,"Morning coffee and lunch on the phone wallet, groceries on Saturdays.",balanced,One or two short trips to Germany each year.
CU1420,Sophie Aebi,Sion region,Travels regularly for consulting work and separates travel spending from everyday purchases.,Hotels close to the client office and no non-refundable fares.,"Hotels and restaurant bills abroad in EUR, plus ordinary groceries and transport at home.",flexible,"Travels abroad most weeks for work, mostly within Europe."
CU1421,Oliver Kumar,Lausanne region,Relies on delivery apps for meals and household basics during the week.,"Reliable delivery estimates, saved food preferences, and no automatic membership enrolment.","Daily delivery orders, weekly groceries, and a few subscriptions.",flexible,Weekend trips within Switzerland and France.
CU1422,Ida Steiner,Neuchatel region,Runs the weekly shop for a household of five and keeps a written grocery list.,"Familiar supermarkets, clearly labelled children's sizes, and no impulse extras.","Regular supermarket visits, public transport, and occasional family meals, mostly during daytime.",careful,One or two short trips to France each year.
CU1423,Giulia Furrer,Geneva region,Works in sales across France and France and books most trips at short notice.,"Refundable rates, rail over air where practical, and receipts that are easy to file.","Frequent rail, hotel, and restaurant payments in Switzerland, France, and France.",flexible,Frequent client trips to France and France.
CU1424,Lea Schmid,Zurich region,Goes to early-morning classes and tracks meals with a subscription app.,Clear membership terms and standard gym rates.,"Gym and app subscriptions, sports nutrition, physiotherapy, and groceries.",balanced,Several trips to Germany and Austria each year.
CU1425,Nina Hess,Fribourg region,Keeps an older dog on a veterinary diet and orders it from the same shop each month.,"Repeat orders, clear delivery dates, and no add-on supplements.","Recurring pet-care payments mixed with groceries, transport, health, and park-side cafes.",balanced,Rarely travels without the family.
CU1426,Oliver Pereira,Neuchatel region,Runs a two-person workshop and buys tools and materials every week.,Predictable recurring business costs and no bundled consulting.,"Team meals, software plans, supplies, and fuel on the business card, groceries on the personal one.",flexible,Regular business travel in France and Italy.
CU1427,Sami Brunner,Bern region,Has a baby and a toddler and orders most supplies online at odd hours.,Predictable grocery orders and no marketing add-ons.,"Frequent grocery and baby-supply deliveries, pharmacy purchases, and little dining out.",balanced,A family holiday in Germany once a year.
CU1428,Yusuf Dubois,Zurich region,"Recently retired and spends more time cooking, walking, and visiting museums.","Nearby shops, printed receipts, and familiar pharmacies.","Morning grocery visits, pharmacy co-payments, lunches out, and books.",careful,A family holiday in Germany once a year.
CU1429,Amina Rey,Bellinzona region,Trains for two marathons a year and tracks every purchase of shoes and nutrition.,Specialist retailers over marketplaces and no extended-warranty add-ons.,"Weekly groceries and transport, with sports gear clustered around the season start.",balanced,One or two short trips to Italy each year.
CU1430,Mei Perret,Schaffhausen region,Runs a small catering business and keeps business purchases on a separate credit card.,Predictable recurring business costs and no bundled consulting.,Mixed business and personal spending across two cards.,balanced,Weekend trips within Switzerland and Germany.
CU1431,Timo Öztürk,Zug region,Spends Saturdays at the hardware store and the garden centre.,Local suppliers and seasonal purchases planned in advance.,"Weekend hardware and garden purchases, groceries, and fuel.",balanced,Almost never leaves Switzerland.
CU1432,Aisha Hess,Lucerne region,Works in a library and spends evenings at readings and concerts.,Cultural events at standard prices and no premium seating.,"Modest, regular spending on culture alongside everyday groceries.",balanced,A family holiday in Germany once a year.
CU1433,Gabriel Martin,Bern region,Goes to early-morning classes and tracks meals with a subscription app.,"Monthly memberships that can be paused, and no annual upfront plans.",Steady subscription spending and periodic sportswear purchases.,balanced,One or two short trips to Germany each year.
CU1434,Cedric Haddad,Geneva region,Has lived in the same village near Geneva for decades and rarely shops online.,Known local retailers and no marketplace sellers.,In-store groceries several times a week and the occasional lunch out.,careful,Domestic travel only.
CU1435,Naomi Bianchi,Geneva region,"Reads widely, goes to the theatre, and keeps a newspaper subscription.","Paperbacks over e-books, official ticket sellers, and clear cancellation terms.","Modest, regular spending on culture alongside everyday groceries.",balanced,A family holiday in France once a year.
CU1436,Elif Wyss,Lugano region,Runs the weekly shop for a household of six and keeps a written grocery list.,"Practical groceries, children's essentials, and durable household products; avoids gift vouchers.","Frequent grocery orders, pharmacy items, and children's clothing, with little evening activity.",balanced,Occasional domestic trips only.
CU1437,Katja Keller,Neuchatel region,Enjoys photography and saves for occasional equipment rather than buying accessories frequently.,"Compatible camera equipment from specialist shops, with a return window and no financing.",Small everyday payments and rare planned equipment purchases.,planned_high_value,Several trips to France and the Netherlands each year.
CU1438,Adrian Colombo,Bern region,Pays almost everything by phone and visits family in Germany most months.,"Mobile receipts, fast checkout, and Italian or Swiss fashion retailers with returns.","High mobile-wallet usage for clothing, dining, groceries, and cross-border trips.",balanced,"Travels abroad most months, mostly within Europe."
CU1439,Aline Kumar,Chur region,Balances a busy schedule with frequent grocery and prepared-meal deliveries.,"Fast delivery, saved addresses, and no membership programmes added at checkout.","Frequent small ecommerce and mobile-wallet payments, especially food delivery and groceries.",flexible,Regular short trips to Austria.
CU1440,Melis Sutter,Fribourg region,Works independently as a designer and uses a separate card for business tools and travel.,"Monthly software plans that can be cancelled, and hardware with a clear warranty.","Digital tools and subscriptions, plus ordinary groceries and dining.",flexible,Several trips to the United States and France each year.
CU1441,Katja Nair,Bellinzona region,Has a baby and a toddler and orders most supplies online at odd hours.,Predictable grocery orders and no marketing add-ons.,"Groceries, nappies, and pharmacy items several times a week.",balanced,Domestic travel only.
CU1442,Gabriel Bovet,Zurich region,Researches online purchases carefully and uses a virtual card for web shops.,A short list of trusted web shops and in-store purchases for everything else.,"Local in-store groceries and fuel, with a handful of online electronics purchases a year.",careful,Almost never leaves Switzerland.
CU1443,Omar Brunner,Biel region,"Spends weekends hiking and climbing, with seasonal trips to France.","Durable equipment, secondhand where sensible, and no fashion sportswear.","Fuel and mountain restaurants at weekends, plus occasional larger equipment purchases.",balanced,Frequent weekend trips to France.
CU1444,Luca Haddad,Zurich region,Compares prices for weeks before buying electronics and keeps a prepaid card for web shops.,"Sellers with a Swiss address, a two-year warranty, and no protection-plan upsells.","Few online purchases, repeated familiar merchants, and mostly local in-store daily spending.",careful,Rarely travels abroad.
CU1445,Valentina Ferrari,Thun region,Trains at a gym before work and uses several fitness and nutrition apps.,Sports nutrition from known sellers and no automatic renewals into premium tiers.,Early-morning purchases near the gym and monthly subscription charges.,balanced,A family holiday in Germany once a year.
CU1446,Giulia Bernasconi,Bern region,Studies computer science and works evenings in a cafe to cover rent.,"Cheap transport passes, secondhand textbooks, and monthly rather than annual plans.","Small recurring subscriptions, book purchases, transport, and inexpensive cafes.",careful,Almost never leaves Switzerland.
CU1447,Elias Costa,Winterthur region,Drives to a park-and-ride each morning and takes the train into Winterthur.,"Monthly transit passes, quick lunches, and nothing that needs a signature.","Transit passes, fuel, weekday lunches, and weekend groceries.",balanced,Occasional domestic trips only.
CU1448,Mateo Schmid,Basel region,Spends many weekends in Germany and France and prefers refundable bookings.,"Refundable hotel rates, rail tickets, and no travel insurance add-ons.",Frequent travel-related purchases and dining in several currencies.,flexible,Frequent weekend trips to Germany.
CU1449,Raphael Petrov,Biel region,Recently moved within Switzerland and is still establishing new local shopping routines.,Reasonable prices and easy returns while testing new shops.,"Household setup purchases, groceries from several different supermarkets, and transport.",balanced,One or two short trips to France each year.
CU1450,Aurelio Okafor,Zurich region,Lives near the Germany border and does a large part of the weekly shopping across it.,EUR purchases at familiar border shops and CHF purchases at home.,A mix of CHF and EUR purchases every week.,careful,Frequent weekend trips to Germany.
CU1451,Greta Haddad,Basel region,Works rotating hospital shifts and often buys meals and essentials outside standard office hours.,Meals that arrive quickly at odd hours and pharmacies that are open late.,"Late-night meal orders, weekly groceries, and transport tickets at irregular times.",balanced,One or two short trips to Germany each year.
CU1452,Greta Tanaka,Zurich region,Studies nursing and works evenings in a cafe to cover rent.,"Cheap transport passes, secondhand textbooks, and monthly rather than annual plans.",Many small purchases below CHF 30 and very few above CHF 150.,careful,One European city trip a year.
CU1453,Sophie Favre,Thun region,Is a member of two book clubs and visits museums on weekends.,"Paperbacks over e-books, official ticket sellers, and clear cancellation terms.","Modest, regular spending on culture alongside everyday groceries.",balanced,One or two short trips to Germany each year.
CU1454,Daniel Mendes,Schaffhausen region,Organises meals and supplies for two people and buys most things in one weekly order.,"Familiar supermarkets, clearly labelled children's sizes, and no impulse extras.","Frequent grocery orders, pharmacy items, and children's clothing, with little evening activity.",careful,Several trips to Germany and France each year.
CU1455,Sofia Bachmann,Zurich region,Moved to Switzerland from the United Kingdom for work and keeps several subscriptions from home.,Services billed in GBP or USD where the home account still exists.,Foreign online purchases most weeks and trips home every couple of months.,flexible,Regular business travel in the United Kingdom and Germany.
CU1456,Leon Widmer,Zurich region,Moved to Zurich for a new job this year and is still trying out local shops.,Reasonable prices and easy returns while testing new shops.,Many first-time merchants and a few larger household purchases.,balanced,A family holiday in Germany once a year.
CU1457,Lea Zbinden,Basel region,Keeps a mountain hut calendar and buys most gear from two specialist shops.,"Durable equipment, secondhand where sensible, and no fashion sportswear.","Groceries and fuel during the week, with gear and hut meals in Germany on trips.",balanced,Regular short trips to Germany and France.
CU1458,Hannah Frei,Lugano region,Runs a repair cafe volunteer group and buys mostly secondhand.,"Refill stations, repair services, and secondhand goods before anything new.","Modest, steady spending with a few refurbished purchases each year.",careful,Almost never leaves Switzerland.
CU1459,Leon Kaufmann,Zug region,Travels regularly for consulting work and separates travel spending from everyday purchases.,"Refundable rates, rail over air where practical, and receipts that are easy to file.","Hotels and restaurant bills abroad in EUR, plus ordinary groceries and transport at home.",balanced,"Travels abroad most weeks for work, mostly within Europe."
CU1460,Chiara Demir,Fribourg region,Studies part-time while working and relies on several digital learning services.,"Student discounts, no bundled extras, and clear cancellation terms.",Many small purchases below CHF 30 and very few above CHF 150.,careful,A family holiday in France once a year.
CU1461,Raphael Gerber,Bern region,Spends two or three days a week at client sites abroad and keeps a dedicated travel card.,"Refundable rates, rail over air where practical, and receipts that are easy to file.","Hotels and restaurant bills abroad in EUR, plus ordinary groceries and transport at home.",balanced,Regular business travel in Germany and Germany.
CU1462,Ines Kaufmann,Thun region,Looks after a parent's shopping and prescriptions alongside a household of six.,"Reliable delivery windows, clearly sized children's items, and familiar pharmacies.","Groceries, family supplies, health purchases, and household orders across two cards.",balanced,Occasional domestic trips only.
CU1463,Rahel Sutter,Basel region,Works long hours in Basel and has groceries and dinner delivered most days.,"Reliable delivery estimates, saved food preferences, and no automatic membership enrolment.","Daily delivery orders, weekly groceries, and a few subscriptions.",flexible,A few European city trips each year.
CU1464,Elias Haddad,Zurich region,Organises meals and supplies for five people and buys most things in one weekly order.,"Familiar supermarkets, clearly labelled children's sizes, and no impulse extras.","Regular supermarket visits, public transport, and occasional family meals, mostly during daytime.",balanced,Several trips to Germany and Austria each year.
CU1465,Oliver Andersson,Basel region,Runs joint groceries on a shared account and personal items on a separate card.,"Household staples on the shared card only, personal purchases elsewhere.","Groceries on the shared account, commuting and lunches on the personal card.",careful,Several trips to Germany and France each year.
CU1466,Elias Meier,Chur region,Works long hours in Chur and has groceries and dinner delivered most days.,"Fast delivery, saved addresses, and no membership programmes added at checkout.",Many small online payments in the evening and few in-store purchases.,flexible,Regular short trips to Austria.
CU1467,Pascal Fischer,Zurich region,Moved to Zurich for a new job this year and is still trying out local shops.,Reasonable prices and easy returns while testing new shops.,Many first-time merchants and a few larger household purchases.,balanced,Regular short trips to Germany.
CU1468,Melis Yilmaz,Geneva region,Bought an old house near Geneva and renovates one room every few months.,Materials from two trusted hardware stores and clear invoices for the project file.,"Bursts of hardware-store spending around each project, with ordinary groceries in between.",planned_high_value,Almost never leaves Switzerland.
CU1469,Raphael Kaya,Zurich region,Avoids buying new where a repair or refill will do and cycles everywhere.,Local producers and long-lasting goods; no fast fashion.,"Groceries, repair services, second-life goods, public transport, and few impulse purchases.",balanced,One or two short trips to Germany each year.
CU1470,Jakob Arnold,Winterthur region,Balances a busy schedule with frequent grocery and prepared-meal deliveries.,Quick reorders of the usual items and no premium delivery tiers.,"Frequent small ecommerce and mobile-wallet payments, especially food delivery and groceries.",flexible,One or two short trips to Germany each year.
CU1471,Jonas Widmer,Lausanne region,Follows a training plan from an app and orders supplements monthly.,"Monthly memberships that can be paused, and no annual upfront plans.",Early-morning purchases near the gym and monthly subscription charges.,balanced,Almost never leaves Switzerland.
CU1472,Fabian Dubois,Zurich region,Goes to early-morning classes and tracks meals with a subscription app.,Clear membership terms and standard gym rates.,Steady subscription spending and periodic sportswear purchases.,balanced,A family holiday in Germany once a year.
CU1473,Vera Morel,Zurich region,Keeps personal daily spending separate from a shared household account.,"Household staples on the shared card only, personal purchases elsewhere.",Regular grocery and household spending split across two cards.,careful,Weekend trips within Switzerland and Germany.
CU1474,Ida Andersson,Basel region,Works nights at a logistics hub and does most shopping in the early morning or late evening.,"Quick delivery, saved reorders, and no premium delivery upgrades.","Late-night meal orders, weekly groceries, and transport tickets at irregular times.",balanced,Occasional domestic trips only.
CU1475,Livia Bachmann,Fribourg region,Streams games in the evening and orders dinner online most nights.,Monthly plans that can be paused and no in-app upsells.,Mostly online spending after 18:00 and little in-store activity.,balanced,Occasional domestic trips only.
CU1476,Silvan Sutter,Zurich region,Commutes daily by train between Zurich and the office and buys lunch near work.,Simple commuting costs and predictable weekly groceries.,Small weekday purchases near the station and one weekly shop.,balanced,Occasional domestic trips only.
CU1477,Giulia Egli,Fribourg region,Trains at a gym before work and uses several fitness and nutrition apps.,Clear membership terms and standard gym rates.,"Gym and app subscriptions, sports nutrition, physiotherapy, and groceries.",balanced,Occasional domestic trips only.
CU1478,Dario Hofer,Chur region,Runs a one-person branding studio and keeps business purchases on a virtual card.,"Monthly software plans that can be cancelled, and hardware with a clear warranty.","Digital tools and subscriptions, plus ordinary groceries and dining.",flexible,Regular business travel in Germany and Austria.
CU1479,Greta Colombo,Thun region,Prefers nearby physical shops and normally pays for everyday items in person.,"Local products, simple receipts, and collection from a store rather than delivery.",Predictable daytime purchases at a small set of local shops.,careful,Occasional domestic trips only.
CU1480,Timo Graf,Lausanne region,Takes a short city trip in Europe most months and books everything online.,Booking directly with hotels and rail operators rather than resellers.,Bursts of EUR spending on trip weekends and normal CHF spending otherwise.,flexible,Several trips to France and Italy each year.
CU1481,Tessa Weber,Basel region,Rarely carries a physical card and shops for clothes online and in Germany.,"Contactless everywhere, clothing with a 30-day return window, and no resale sellers.","Wallet taps for groceries and dining, plus clothing orders and short trips to Germany.",balanced,A few European city trips each year.
CU1482,Laura Martin,Zurich region,Moved to Switzerland from the United Kingdom for work and keeps several subscriptions from home.,"Familiar online services from home, refundable flights, and English-language sellers.","Subscriptions in GBP and USD, regular flights to the United Kingdom, and ordinary Swiss groceries and dining.",flexible,Several trips to the United Kingdom and Germany each year.
CU1483,Sara Sato,Bern region,Takes a short city trip in Europe most months and books everything online.,"Refundable hotel rates, rail tickets, and no travel insurance add-ons.","Monthly hotel and rail bookings, restaurants abroad, and ordinary groceries at home.",flexible,"Travels abroad most months, mostly within Europe."
CU1484,Nina Bachmann,Lugano region,Is retired and does the shopping on foot in the mornings.,"Nearby shops, printed receipts, and familiar pharmacies.",Steady daytime spending at a handful of familiar merchants.,balanced,Occasional domestic trips only.
CU1485,Lina Rey,Winterthur region,Builds gaming PCs as a hobby and orders components from a few online sellers.,"Digital purchases from official stores, no marketplace resellers, and cancellable subscriptions.","Evening online orders, several subscriptions, and occasional hardware purchases.",flexible,One European city trip a year.
CU1486,Rahel Martin,Lausanne region,"Recently retired and spends more time cooking, walking, and visiting museums.",The same local shops for decades and no online marketplaces.,Steady daytime spending at a handful of familiar merchants.,careful,One European city trip a year.
CU1487,Robin Huber,Lucerne region,Relocated from Germany and has not yet settled on regular merchants.,"Furniture and basics for the new flat, delivered on a fixed date.","Household setup purchases, groceries from several different supermarkets, and transport.",balanced,One or two short trips to Germany each year.
CU1488,Lina Hofer,Lugano region,Runs joint groceries on a shared account and personal items on a separate card.,"Household staples on the shared card only, personal purchases elsewhere.","Frequent groceries and transport on one card, with shared household purchases on another account.",careful,Weekend trips within Switzerland and Italy.
CU1489,Benjamin Hofer,Biel region,Drives to France every other Saturday for groceries and fuel.,EUR purchases at familiar border shops and CHF purchases at home.,A mix of CHF and EUR purchases every week.,careful,A few European city trips each year.
CU1490,Luca Lindqvist,Basel region,Distrusts marketplaces and only buys online from sellers used before.,"Sellers with a Swiss address, a two-year warranty, and no protection-plan upsells.","Local in-store groceries and fuel, with a handful of online electronics purchases a year.",careful,One European city trip a year.
CU1491,Clara Novak,Bellinzona region,Saves for months before each camera purchase and never finances equipment.,Equipment compatible with the current camera body and nothing on instalments.,"Mostly modest daily spending interrupted by rare, planned high-value photography purchases.",planned_high_value,Several trips to Italy and the United States each year.
CU1492,Kilian Widmer,Lugano region,Compares prices for weeks before buying electronics and keeps a prepaid card for web shops.,"Known electronics sellers, clear warranty terms, and no marketplace add-ons.","Local in-store groceries and fuel, with a handful of online electronics purchases a year.",careful,One or two short trips to Italy each year.
CU1493,Giulia Rossi,Zurich region,Is an engineer from France who still orders from familiar online shops abroad.,Services billed in GBP or USD where the home account still exists.,"Subscriptions in GBP and USD, regular flights to France, and ordinary Swiss groceries and dining.",flexible,A few European city trips each year.
CU1494,Jakob Moser,Lucerne region,Freelances for clients in Germany and Germany and pays for most tools in foreign currency.,"Month-to-month software, clear invoices, and no bundled consulting services.","Software subscriptions, electronics, cafes, and occasional foreign-currency online services.",flexible,A few European city trips each year.
CU1495,Mateo Kaya,Lugano region,Keeps a strict monthly budget and tracks every purchase in a spreadsheet.,"Own-brand groceries, no subscriptions that auto-renew, and no delivery fees.","Weekly groceries, a transit pass, and rare clothing purchases.",careful,Almost never leaves Switzerland.
CU1496,Livia Egli,Zug region,Runs a small carpentry business and keeps business purchases on a separate credit card.,"Clear invoices, business software billed monthly, and team meals at familiar restaurants.",Mixed business and personal spending across two cards.,balanced,"Travels abroad most weeks for work, mostly within Europe."
CU1497,Lea Kunz,Sion region,Works independently as a designer and uses a separate card for business tools and travel.,"Monthly software plans that can be cancelled, and hardware with a clear warranty.","Software subscriptions, electronics, cafes, and occasional foreign-currency online services.",flexible,Regular business travel in France and France.
CU1498,Leonie Berger,Sion region,Pays almost everything by phone and visits family in France most months.,"Mobile receipts, fast checkout, and Italian or Swiss fashion retailers with returns.","Wallet taps for groceries and dining, plus clothing orders and short trips to France.",flexible,"Frequent travel to France, Italy, and further afield."
CU1499,Mei Colombo,Zurich region,Manages two households' groceries and pharmacy runs on separate cards.,"Separate receipts per household, familiar pharmacies, and predictable delivery days.",Steady mid-sized grocery and health spending with few large purchases.,balanced,One European city trip a year.
CU1500,Jan Bühler,Geneva region,Lives on a fixed income and plans purchases weeks ahead.,"Own-brand groceries, no subscriptions that auto-renew, and no delivery fees.",Very predictable low spending at a few merchants.,careful,Almost never leaves Switzerland.
